情绪标签,时间,性别,评论
负面,2024-12-08 02:14:28 北京时间,男,出生虽然少，但出生多啊[星星眼]
负面,2024-12-08 02:04:28 北京时间,男,游戏策划知道出了数值高氪金力度强的道具会造成新玩家减少，但同时也能保证高收益，反正过几年就有新策划来接替，自己的简历有内容就行
负面,2024-12-08 08:36:59 北京时间,女,着急啊，他们着急的是你没有后代变成无敌之人。
正面,2024-12-08 02:04:55 北京时间,保密,2016年出生人口1000多万，这些劳动力，用到2076年都可以，东大根本不缺人
正面,2024-12-08 01:29:36 北京时间,男,像宁德时代这种已经成为全球顶尖的企业也并没有给他的员工带来远超社会的收入和福利啊，其他企业转型成功难道就能？
负面,2024-12-08 08:28:49 北京时间,保密,"前几天我舍友对学校种种做法表示不满，并说道：“咱们好歹也是研究生，怎么能被这样对待？”,我淡定的告诉舍友：“这个学校里，只有研究生才把研究生当回事看。”"
中立,2024-12-08 05:56:53 北京时间,保密,"这个视频跟我一贯的观点很接近，人口根本就没有崩溃，只是回到正常水平。一年500万新生儿，人均80岁的话，最后也会稳定在4亿人的水平上，这才是一个人口大国的正常水平。,至于年龄结构？呵呵，我们，我们的父母，甚至可能还包括子女，都只是被牺牲的两三代人罢了。。。所以所谓的不生，只是符合自身的利益罢了，高层甚至乐于看见这种状况出现。"
负面,2024-12-10 00:42:15 北京时间,保密,不生孩子也不是为了让国家着急，很多人不生只是一种深思熟虑之后的一种人生选择，互相尊重吧。
正面,2024-12-08 01:30:01 北京时间,保密,不是没钱，是钱不均匀
中立,2024-12-08 05:52:22 北京时间,保密,人口从来不是问题，人口结构和产业结构的错配才是问题
负面,2024-12-08 07:03:20 北京时间,男,人还是太多了，啥时候出现你不干没人干的时候就舒服了
正面,2024-12-08 10:20:24 北京时间,男,马克思说过，科技越发达，工人越贫困
正面,2024-12-08 01:20:01 北京时间,男,什么叫中华民族，我们甚至有俄罗斯族，河南也有犹太后裔，难保未来不会增加萨克逊族，你说非洲族裔？他们已经几乎成为事实了。对于我们摸着石头过河的对象，他们的主体民族甚至不到1/3了，任然稳稳把持政局，我们要到那个时候都不知道还要过多久。别把他们想的太高，他们哪里会管洪水滔天，而且这个洪水甚至是几百年后。
负面,2024-12-08 02:00:34 北京时间,男,人口多少他们并不在意，但是如果不能更好地积累财富，他们肯定着急[吃瓜]
负面,2024-12-08 01:14:46 北京时间,保密,因为重要但不紧迫[Mygo表情包_探头]
负面,2024-12-08 02:34:38 北京时间,女,着急就会采取策略，什么都没动就是不着急
中立,2024-12-08 06:23:36 北京时间,保密,并不是不担心人口问题，而是人口问题要几十年后才会提现出来，所以目前优先解决当前问题，比如就业，国内大循环。都比人口更优先。
中立,2024-12-08 08:08:09 北京时间,保密,他们生活品质又不会下降，着什么急
负面,2024-12-08 08:13:18 北京时间,保密,降下来不是很好么，我小时候地理和政治题考的就是我国人口过多，控制人口增长，让人口自然下降到一个合理的数值
负面,2024-12-08 01:43:35 北京时间,保密,通过选择修炼葵花宝典来进入发达国家序列，UP的新思路确实够新颖，够犀利[抱拳][抱拳][抱拳]
中立,2024-12-08 06:07:08 北京时间,保密,你会在意路边的流浪猫流浪狗生了几胎吗？
中立,2024-12-08 01:44:34 北京时间,男,相当于淘汰一部分人口，还是自愿的，何乐而不为。这很社达。
中立,2024-12-08 03:45:05 北京时间,保密,讲道理，但凡十分之一的企业运行胖东来模式，人口都能增长起来
负面,2024-12-08 02:05:41 北京时间,保密,人家10年后，子子孙孙都出去了，他着什么急
负面,2024-12-08 02:13:04 北京时间,男,当然不着急啊……一年800万，10年都要1个亿了，别的国家哪有这么多人[喜极而泣]而且就目前高中生大学生的数量，撑到2045没问题，到时候再解决
负面,2024-12-08 01:31:22 北京时间,保密,急什么急就是人口太多了，几千万人就够了。结构也不是问题我们各种产能都过剩不存在物质不足，不过是谁吃多少蛋糕的问题
中立,2024-12-08 11:30:50 北京时间,保密,先把工人需要劳动法普及了吧
负面,2024-12-11 11:42:59 北京时间,男,人才up，gdp总数不变，减少人数，这样人均GDP就达到发达国家水平[呲牙]人口结构你是闭口不谈啊，以后是老龄化越来越严重，年轻劳动力越来越少，这才是主要问题。如果按你这么说，把10亿人移民去发达国家，还能拉低发达国家的人均GDP，提高我国的人均GDP[呲牙][呲牙]
负面,2024-12-08 07:20:14 北京时间,男,并不是他们不急，而是他们的脑容量没办法同时解决大学毕业生太多和初生婴儿不足的双重问题
正面,2024-12-08 03:54:20 北京时间,保密,你玩策略游戏会在乎npc的死活吗？
中立,2024-12-08 01:13:02 北京时间,保密,老龄化一点也不提是吧，非劳动人口快速下降，怎么看都是收入减少，支出暴增
负面,2024-12-08 02:02:29 北京时间,男,不用担心，大自然有自己的规律～[doge]
中立,2024-12-08 01:11:41 北京时间,保密,14亿的总量，每年减少几百万，简直小意思，谁会在乎，够几代人用的
正面,2024-12-19 09:48:21 北京时间,男,生育率低是年轻人面对社会资源分配不均的呐喊吗？
负面,2024-12-08 01:16:05 北京时间,保密,恐怕于很多人看来，一个个人口只是一个个数字，一个个成绩，而非一个个鲜活的人[doge]
负面,2024-12-08 10:17:45 北京时间,男,别指望击败西方后日子能变好，美国击败苏联后美国普通人的日子变好了吗
负面,2024-12-08 02:16:24 北京时间,男,up这是一屁股就坐到国家的脑子里去了
负面,2024-12-08 06:23:26 北京时间,保密,有没有想过，这其实就是人家想要的效果
中立,2024-12-08 03:04:46 北京时间,保密,不急，因为自己活不到买单的时候，交给后人就行
正面,2024-12-08 04:04:52 北京时间,男,能允许你知道的，允许你抱怨反抗的，基本是他们本来就想这样的，人家或许本来就不用那么多人口了，又没好理由。
负面,2024-12-09 06:05:18 北京时间,男,大家一直抱怨着国内社会卷，归根结底还不是人太多闹的！
负面,2024-12-08 10:54:06 北京时间,男,牛不下崽我可太愁了，没法耕地只会吃草料的老牛多了我也愁[大笑]
正面,2024-12-08 01:10:22 北京时间,男,从历史的惯性看，出生人口确实太少；从未来的Ai和机器人爆发看，出生人口还是过多。
中立,2024-12-08 06:18:16 北京时间,保密,中国人口即使减少30%也对中国经济没有任何影响。
负面,2024-12-08 02:12:02 北京时间,男,其他国家的经验已经证明了，什么政策都不可能逆转生育率
负面,2024-12-08 06:31:02 北京时间,保密,中国不缺人！你不干有的是人干[笑哭]
正面,2024-12-08 06:37:00 北京时间,男,"一直在讨论生产，却忘了人口最大的意义是消费。,无法生产1000个面包时候可以升级自动化机器达成，但生产的1000个面包只能靠人来消费。"
正面,2024-12-09 01:46:47 北京时间,男,反正我作为领导的儿子都没有结婚的想法
负面,2024-12-18 12:15:57 北京时间,男,看完了，md，出生早了[喜极而泣]
负面,2024-12-08 07:52:51 北京时间,男,啥时候春运每个人都能正常买到票，而不是靠抢靠中转加价，人数才正常[嫌弃]
负面,2024-12-08 06:20:49 北京时间,保密,国家着什么急，像美国一样成移民国家 多的是人来[doge]
正面,2024-12-08 02:56:35 北京时间,保密,估计你写文稿前 至少喝了2斤二锅头 好酒不会醉的那么厉害
负面,2024-12-08 08:28:30 北京时间,保密,up好像没理解到，人本身就是一种财富（前提不透支自然），而不是什么产业支柱，或伟大复兴下可以调节的参数，
正面,2024-12-08 08:10:21 北京时间,保密,应该是不急的，急的话政策早改了
中立,2024-12-08 01:46:21 北京时间,保密,如果每一个鲜活的人在高位看来都是数字的话，那整体的增长下降与我何干
中立,2024-12-08 15:01:46 北京时间,保密,一直想不明白，90后00后那一批多数是独生子女吧。就业岗位怎么还这么紧缺，压力还这么大。
中立,2024-12-09 14:38:27 北京时间,男,"就这水平的分析也能发视频？人口结构变化呢？产业结构变化呢？所谓知识红利呢？社会创新能力呢？,UP是真聪明，看到现在丁克人多，生活压力大，就发一篇符合观众预期的视频"
负面,2024-12-08 02:05:23 北京时间,保密,国家肯定不急，以后都是机器人
中立,2024-12-08 01:21:31 北京时间,保密,最大的问题人口结构，是人口老龄化。
中立,2024-12-16 08:48:21 北京时间,保密,几十年后，进棺材躺着了。这世界如何又与我何干……………享受当下
负面,2024-12-09 03:23:10 北京时间,保密,我去幼儿园、小学，门口看了，都是满的，肯定不用担心啊[吃瓜]
负面,2024-12-08 02:30:12 北京时间,女,重要但不紧急的事，所以相信后人的智慧[给心心][给心心]
中立,2024-12-08 08:56:35 北京时间,保密,请问人口从4亿来到12亿才花了几年？根本不可能出现人口消亡，只要环境合适只有后来人。中国人在哪个朝代都完不了。历朝历代
正面,2024-12-08 01:58:51 北京时间,保密,我觉得核心问题不是人口总量够不够，以我国的人口基数人口来说，人口总量一直都是够的。最大的问题是人口年龄倒金字塔结构，即将到来的人口大量老龄化问题，以社会少数人的劳动养活多数人的情况会让年轻人压力骤增，也会引发一系列问题
负面,2024-12-10 04:48:39 北京时间,男,论点论据都很可笑。减少人数来达到发达国家的标准，属于只考虑那一刻达标不考虑长久发展的想法。大学生及以下这么思考的话可以理解
负面,2024-12-08 07:59:19 北京时间,男,不急，再和它耍耍[给心心][给心心]
负面,2024-12-08 03:59:45 北京时间,男,人口还十多亿呢慌什么？人口真正达到减半了8小时工作可能实现。当然90后的我是看不到了，加油给未来的同胞们。
中立,2024-12-08 08:04:12 北京时间,男,开放移民，非洲东南亚中东有的是人
中立,2024-12-08 12:10:12 北京时间,保密,只说数量，人口结构是一个字不提啊
负面,2024-12-08 09:14:23 北京时间,保密,别说现在每年还有几百万的出生人口，现在出生的人还得20年后才开始工作，未来二十年都不缺劳动力的，10-16年这段时间每年生的人可不少 而且这些人还在读书 等他们长大了也是十几年后的事了到时候又是一千多万大学生毕业
负面,2024-12-08 06:30:06 北京时间,男,出生人口7年砍半，也追不上经济崩盘的下降速度[笑哭]没准再过几年出生人口掉到500W以下，生一个死仨的时候，就业压力就小了呢。别焦虑，儿孙自有儿孙福，生了儿孙自己苦，天塌不下来。真到那一天，劳动密集型要么跑路要么暴死，高新产业养活一小撮人赚钱，然后人力成本比物料成本还要贵，底层蓝领工作不开大价钱根本没人干的时代也就快到了。
负面,2024-12-08 12:27:33 北京时间,保密,宁德时代利润这么高，工人待遇肯定也很好吧
负面,2024-12-08 03:24:19 北京时间,保密,"不急。,急的话会上法律"
中立,2024-12-08 01:45:13 北京时间,保密,你是在讨论生育问题么，感觉更像是高举精英论的理念。人口问题不是经济问题而是民族存亡问题。。。。。
正面,2024-12-08 06:54:42 北京时间,保密,现在的问题可以交给下一批来解决，下一批可能也这么想，一批一批这么交下去
正面,2024-12-16 12:55:10 北京时间,保密,着急，着急有用吗？你得了癌症，着急能有什么用？都是等死，急不急最后结局不会有任何区别，就像癌症一样，就算能缓一缓也就是多几个月，不改变问题本质。
负面,2024-12-09 03:45:13 北京时间,保密,国家就是不着急…好好想一想，为什么车都快能自动驾驶了，还有人在电子厂拧螺丝，拧螺丝能比自动驾驶难么…90后不生孩子，对国家影响不大，只对90后的养老金影响很大…没人交就少发晚发呗。日本人说无敌之人，都是没有希望的青中年，没有希望的老年人，在日本，主动想进监狱的大有人在…
中立,2024-12-09 09:28:58 北京时间,保密,狼担心有没有羊肉吃跟羊群数量有什么关系？
负面,2024-12-08 08:33:24 北京时间,保密,有没有可能其实除了汉族其他少数民族都不这样。有没有可能国家一直对汉族执行消户政策
中立,2024-12-11 09:45:45 北京时间,保密,要吐槽的地方太多了，up主的主要观点总结就是，咱经济总量不变，人少了，每个人分的就多了。但想没想过人少了总量也会少，13亿到4.5亿人是什么概念，算过数学题，要低的生育率，配合现在人口正常淘汰率，需要多久能实现，在这期间的人口结构是什么样子的，劳动力人口还有多少，养老负担有多重。观点完全经不起推敲
负面,2024-12-09 03:29:29 北京时间,男,"目前来说谁市场最大谁就是世界大哥。,很明显，美国继续当大哥。,14亿都比人家购买力低，4.5亿会比人家购买力高？,市场只会更小好吧？[滑稽]"
负面,2024-12-11 12:41:18 北京时间,保密,答案很简单……这话怎么说得出来。
中立,2024-12-08 03:20:33 北京时间,男,总人口数不怕下滑，怕的是人口结构出现问题。新出生人口这个数据全球数一数二的低，这个数据比任何都可怕
中立,2024-12-09 01:59:09 北京时间,保密,没事 我们都不是人  都是负担  没了就都好起来了
正面,2024-12-30 08:28:36 北京时间,保密,90后加油能不能再腰斩一次。我想看个大的
中立,2024-12-30 03:48:07 北京时间,保密,不是不生，是缓生、慢生、有次序有调节的生，从高数量生孩子到高质量生孩子，努力实现先生带动后生，实现共同生孩子。不是不生，是缓生、慢生、有次序、有调节的生，从高数量生孩子到高质量生孩子，努力实现先生带动后生，从而实现共同生孩子！
正面,2024-12-08 05:24:10 北京时间,保密,人口去掉一个零头 对各行各业都会好些。
中立,2024-12-18 16:29:59 北京时间,保密,"羊不繁殖，狼最急,羊少了，狼就只能吃狼,认清自己是狼是羊最重要,是羊，要么就做件善事，别再繁殖，别再把苦难延续给下一代，,要么就苦一点，努力赚钱把后代送去欧美打工，欧美再地狱，加班都会给加班工资。别让后代留在这里再给狼繁殖后代,别做蠢货去繁殖了，人叫生育"
负面,2024-12-11 09:52:37 北京时间,保密,先考虑会不会陷入中等收入陷阱吧
负面,2024-12-08 01:09:41 北京时间,男,它们急什么，又碍不着它们[吃瓜]
负面,2024-12-18 00:56:35 北京时间,保密,确实是人还很多。
中立,2024-12-08 04:04:08 北京时间,保密,以前很多问题都说是因为中国人口太多，十四亿的国家干嘛担心人口问题四亿都也还是人口大国啊，结构问题以前是问题，以后会越来越不是问题
中立,2024-12-08 01:25:25 北京时间,保密,人口不能光看总量，还要看结构。在老龄化人口被时间冲淡之前都会非常艰难
正面,2024-12-08 02:59:35 北京时间,保密,背后还是被发达国家的模板套进去了，中国有自己的特殊性，如果参考发达国家现在的发展方向，伟大复兴也就只有那么一代人的高光，转型成功也不是要变成现在所谓发达国家的复制体
负面,2024-12-08 06:44:23 北京时间,保密,你个零件想多了吧。有没有都无所谓
负面,2024-12-08 12:09:52 北京时间,保密,感觉这期视频质量不高。倒果为因。
正面,2024-12-13 18:20:49 北京时间,保密,有没有可能他的目的就是要削减人口。
负面,2024-12-08 01:58:14 北京时间,保密,我觉得国家干预提升人口出生率全世界好像都没有什么成功案例吧[思考]？
正面,2024-12-15 05:02:39 北京时间,保密,最简单的一个问题 普通人能避免孩子遭受霸凌吗 能给孩子一个快乐健康的童年和少年时光吗 答案是根本不可能
负面,2024-12-08 04:59:51 北京时间,保密,着不着急不是这么看的，他们想的只是“留给后人解决”，只要雷不在自己这时候爆就行了，其余的无所谓，然而这样只会制造更大的雷
正面,2024-12-08 05:00:54 北京时间,保密,总结：一将功成万骨枯，掉头是不可能的了，照顾到所有人也是不可能的。如果不想做时代的尘埃，只能自己想办法
负面,2024-12-08 09:14:13 北京时间,保密,宏观上现阶段还是希望人口缓慢下降，远远没到急的时候，急的是个人，毕竟计划过后很多人都成了家里唯一后代，不生就绝后了[吃瓜]我觉得等到90后批次告别世界上面才会真正发力激人口。还有我听过一个观点历朝历代的底层就是大多绝后的，新的穷人是上层的溢出，大户娶五个生十个，不可能十个孩子都成大户，主枝发展传承，旁枝慢慢败落变成下一批底层
正面,2024-12-24 12:32:25 北京时间,保密,不着急，孩子都在国外了着什么急
正面,2024-12-20 10:41:22 北京时间,女,没钱，救不了，而且这么庞大的人口，怎么救
负面,2024-12-09 14:36:42 北京时间,保密,罚款是一步到位 补贴是支支吾吾啊[微笑]
正面,2024-12-09 00:23:11 北京时间,男,一个最基本的事实就是大把的人失业，失业人口太多加剧了全社会的内卷，内卷又反过来加剧失业率增加，说明还是人口太多了，说中国面临人口危机的人不是坏就是蠢。
负面,2024-12-08 14:27:07 北京时间,保密,[辣眼睛] UP你的思想有毒。需要好好检讨。14亿减成4亿，这样的思想产生的一瞬间，就没考虑过第一个淘汰的就是你全家族群。
正面,2024-12-08 03:40:57 北京时间,保密,不急，目标2100年人口6亿，都算好了。
中立,2024-12-09 05:13:15 北京时间,保密,都在偷换概念只谈人口数量。。最重要的是人口结构。咋们现在人口数量完全超了。现在人口结构问题才是最严重的。
负面,2024-12-19 10:48:47 北京时间,男,"朋友们，网上说，人口老龄化，看起来轻飘飘，好像没多大影响，但实际呢？,  80 90 00，也是现在的青壮年阶段。我单拿出90后，下面是出生人口。, 1990年：2374万 1991年：2250万 1992年：2113万 1993年：2120万 1994年：2098万 1995年：2052万 1996年：2057万  1997年：2028万 1998年：1934万 1999年：1827万，共计18743万人。两亿人。,  那么90这一批养的就是六十年代的人，出生人口23908.9万人。,  这里经过了朝鲜，越南，印度等战争，同时再加上医疗条件不够等等大规模非自然死亡。,  影响是什么？三个高价，一个不结婚。,  换句话，两亿个青壮年，快要养不起一亿多老人。这个阶段听懂了吧。,  那好，去年出生多少人？890万。今年呢？630万。对，三位数，而且越来越低。,  二十年，只需要二十年，甚至更短，就靠这每年三位数的青壮年，养咱们这每年两千多万的老人。,  人在无语的时候会笑出来[大笑],  现在是二养一，什么滋味大家都有目共睹，二十年后也就是2045年左右，是一养三。[大笑][大笑][大笑],  就一句话，再不开三战，打出过冬物资，等着人相食就可以了。, 不急？怎么可能不急？2035年之前，三战必须结束。对，不是开不开，是必须结束。"
正面,2024-12-08 15:57:40 北京时间,男,鸡是不能靠绝食来报复肯德基的
中立,2024-12-14 18:30:44 北京时间,男,知道为什么生育率下降吗。因为经济不景气。举个例子，假如你一个月6000你对象一个月也6000后续杂七杂八的，你们刚好可以生下一个孩子。但现在一个月工资普遍在三四千扣去杂七杂八顶多有点儿存款，根本供不起一个孩子
中立,2024-12-09 09:00:56 北京时间,女,我舅都48岁了，没结婚没谈过对象没生娃，一个人过得很悠哉，我也不打算找男朋友了(我是女孩子啦)学我舅那样生活，干嘛让自己受委屈呢，自己过的好就行了，他人的生活规律咱们管不着也干预不了[tv_点赞]，而且我跟我父母还聊过，我父母尊重我的意愿
正面,2024-12-08 03:30:29 北京时间,保密,我一直觉得，中国人口少一半，年轻人就不会那么卷了
负面,2024-12-08 01:57:13 北京时间,男,早就觉得不是很急，人实在是太多了
正面,2024-12-08 08:18:19 北京时间,保密,叶利钦当时也不太急啊
中立,2024-12-21 15:51:42 北京时间,男,狗屁不通，工人创造的财富≠工资，并不是中国工人创造的财富低，只是工资低。中国工业产值占世界几乎40%，你知道这是什么概念吗？中国人口占世界的17.5%，创造了40%的财富，但工人待遇却比不上欧洲国家。。。抱歉，我实在不想用发达这个词来形容欧洲，因为欧洲并不发达。。。。
负面,2024-12-08 11:56:37 北京时间,保密,这水平怎么下降那么多
正面,2024-12-09 01:20:46 北京时间,男,不急，中国已经承载不了更大的人口规模了，顺势而为反而可以喘一口气
负面,2024-12-09 03:51:23 北京时间,男,有没有一种可能，现在就是想吧人口数量降下来
负面,2024-12-09 05:50:15 北京时间,男,因为还有部分人在生孩子
负面,2024-12-08 04:09:11 北京时间,保密,你这么讲，跟断章取义差不多，那几个国家补贴的金额，折算成本地购买力，也没几个钱。你在美国，收入6000美元，和在我们这6000人民币的购买力没多大区别，你不要把6000美元说成42000人民币，你并不能上班在美国，吃饭购物在中国。
负面,2024-12-08 16:25:41 北京时间,保密,人口结构重要性大于人口数量
负面,2024-12-09 15:14:52 北京时间,保密,我们都被踢出全球贸易了，内需不增长，东西卖给谁去？没有孩子就没有未来
负面,2024-12-08 09:08:06 北京时间,保密,人口下降没什么，严重的是人口老龄化
正面,2024-12-08 14:20:27 北京时间,保密,人们不愿意生孩子、不愿意结婚，是因为别有用心的群体对“爱情”的宣传。无论古今中外，结婚生子都只是个人生任务，人到了年龄就顺理成章要做的事情，根本没什么爱情。这也是人类繁衍至今甚至有些国家成为人口大国的主要原因。你仔细看看就会发现，那些出身好、家庭背景有钱有势的人，很少有自由恋爱的，基本上都是家人根据自身背景帮着物色的，只有那些底层人身深信所谓爱情，一直在等真命天子、天女，眼高手低，结果一拖就奔三奔四，最后索性就认命单身无子了。
负面,2024-12-08 01:04:10 北京时间,保密,是不想吗？是没钱啊，这个事需要的钱可太多了[doge]
负面,2024-12-09 05:04:53 北京时间,保密,"李鸿章有个名言叫“百万漕工衣食所系”，类似的科幻小说我也看过不少，比如北京折叠，明明一层早就能有自动垃圾处理不推行就是为了给三层的几千万人留点工作做。,王晋康还是刘慈欣有个短篇是讲未来只有通过测试的高智商人群才有权工作，普通人就只能政府养着，然后来个自选样子自选身材的人造机器人白天么么哒，晚上啪啪啪。但就这现在很多人梦寐以求的宅男生活，主角还是很羡慕他弟弟可以工作，还有女邻居邀请他放弃政府补贴申请自负盈亏的农场一起劳动一起生活。,说实话未来肯定是AI和自动化替代大量工作的时代，以前劳动密集型产业需要人口红利，但到了知识密集型产业，工作机会减少，消化不掉的人口就会成为社会不稳定因素，所以到时候人口减少说不定反而是好事，只能说具体怎么样还得等十几年二十年后人口减少的这一批人长大开始工作再说。"
负面,2024-12-10 12:40:05 北京时间,保密,如果不是为了博取流量整这么一波，就单纯内容上，说的真的是无法用语言来形容的垃圾。
负面,2024-12-09 06:29:01 北京时间,保密,人多人少其实没有那么大影响，如果有一天人口不够，没有劳动力，那就会开放移民，三哥们就会疯狂涌入[doge]
负面,2024-12-08 01:16:15 北京时间,男,算来算去的，直接拿美国绿卡就是发达国家的人了，不用替我们是不是发达国家的人操心了
正面,2024-12-08 02:18:36 北京时间,女,青年劳动力根本不缺，以后还会越来越多，，，，老龄化才是最紧要的问题
正面,2024-12-08 15:25:29 北京时间,保密,就中国这个人口基数 年年打二战都没问题
中立,2024-12-08 08:29:24 北京时间,男,能舒服一刻算一刻，后果吗？相信后人智慧
正面,2024-12-09 08:54:17 北京时间,保密,人口降低11亿，仍然是仅次于印度的世界第二人口大国。
中立,2024-12-08 23:33:20 北京时间,保密,国家为什么要着急？美国才3-4亿人，中国有14-15亿人。
正面,2024-12-08 04:33:41 北京时间,保密,他们并不着急，世界上又不是只有一个国家
中立,2024-12-08 23:12:56 北京时间,保密,逻辑完全错了，这根本不是以咱为本
中立,2024-12-08 01:49:23 北京时间,男,说得直白点就是远水解不了近渴，资源有限的情况下，当下的矛盾需要优先解决，否则远期的问题更难以面对。鼓励生育是一个系统性问题，肯定不是单纯靠发钱解决。就比如说高素质高学历群体并不会因为每月多发点钱去生育，但对于不想负养育责任只想拿低保的人来说却很有吸引力，这种刺激显然也不符合高质量发展的长期战略。鼓励生育需要的是更精准的政策。
负面,2024-12-08 05:20:20 北京时间,保密,基数大，一时半会还用不完，当然不着急了
正面,2024-12-08 02:54:37 北京时间,男,我觉得没有那么复杂，等人口问题真的产生影响时现在这波人早就退休养老了，所以不着急
负面,2024-12-09 12:06:17 北京时间,保密,独生子女说结束就结束了，那以后我们的社保会不会也这样[大哭][大哭][大哭][大哭]
负面,2024-12-08 02:48:01 北京时间,保密,你这个结论太离谱了，如果上面是基于这个原因的话我觉得要完！人口最大的问题不是数量是质量，因为几十年来畸形的急转弯发展模式导致中国的人口质量相当的恶劣，用远超世界任何国家的速度达成了老年化模式！并且是巨量老年化！老龄化代表着什么up主不懂？
中立,2024-12-09 02:44:47 北京时间,男,那么多老毕登呢着啥急，还会有越来越多的老毕登，急啥急。
负面,2024-12-09 01:57:05 北京时间,保密,一将功成万骨枯，希望up也成为万骨中的一个
负面,2024-12-08 11:16:45 北京时间,保密,降的后果也要二十年后，人早退休了[抠鼻]
负面,2024-12-08 06:12:33 北京时间,保密,在催生之前，咱们先提高某些所谓危重孕产妇救治中心医院的医疗水平吧！！！   我只是去北医三院生孩子，却无意中做了一项科研，我做的这个科研，没有任何课题或项目，纯粹是出于我自己的好奇心，就是我很疑惑，为什么我在北医三院这么高等级的医院，会出现如此严重的后遗症！！！（差点直接尿毒症，现在慢性肾衰竭四期）   这个科研成果全是我自己查论文、指南、教材、医学会议等做出来的，欢迎各位去我的主页看看，患者一人指出北医三院全院多学科塌方式误诊血栓性微血管病，我的科研成果得到了北大第一医院、北京协和医院和北大国际医院的确认，诊断证明见我的主页！也得到了北医三院和北大第一医院，北京协和医院，北大人民医院等医学会议的确认，诊断证明见我的主页
中立,2024-12-08 03:08:05 北京时间,保密,跟普通老百姓没啥关系，你真想生或者丁克也不是一两个政策就能左右的，顾好自己就行了
正面,2024-12-09 06:14:18 北京时间,男,相信后人的智慧（我死后哪管洪水滔天）
中立,2024-12-08 03:25:49 北京时间,保密,我国如今需要的就是减少人口，最终维持动态9亿人平衡，到时候各种福利自然会有，只是现在主要要淘汰一批人口，纵观古今大部分人都留不下后代，现在的人都是祖上阔绰的。
中立,2024-12-09 02:40:23 北京时间,保密,奉劝大家，如果父母不催。就别结婚生子买房。
负面,2024-12-10 00:38:15 北京时间,男,我和我老婆晚婚晚育，生孩子都35了，四个老人也是快70了。之前就是因为觉得生活工作都还可以生了孩子。现在直接返贫，，，，同志们谨慎啊
负面,2024-12-09 03:28:32 北京时间,保密,视频还没看
负面,2024-12-08 23:52:17 北京时间,保密,工资5500 房租1000 公司包两顿饭 有时候自己买菜做 没女朋友没车 不喝酒不抽烟平时不爱出去玩 这样我只能说钱刚刚够用
正面,2024-12-08 16:14:22 北京时间,保密,天才，一个全是老头老太的国家只谈人口数量？不谈人口结构？欧美发达国家全靠高新技术产业剥削其他人？那新西兰，澳大利亚，希腊靠什么剥削其他发展中国家？
负面,2024-12-08 06:50:53 北京时间,保密,一万年后人类肯定灭绝了，不信到时回来杠我[吃瓜]
负面,2024-12-08 13:12:58 北京时间,男,就这还“深度”解析呢？就算是带广子好歹也稍微表现出点水平吧？起一个哗众取宠的标题，然后拿初中政治教科书上老掉牙的内容糊弄谁呢？
负面,2024-12-10 03:33:46 北京时间,男,会有人替你们生的[吃瓜]最穷和最富的
中立,2024-12-08 01:28:37 北京时间,保密,不经历血与火的洗礼怎么换来霸主的更替？不主动出击削弱对手难道是静等对手复苏吗？不在平常给百姓养精蓄锐的时间，难道让老百姓在动乱时才破家救国吗？
正面,2024-12-10 09:44:06 北京时间,男,能得出这种结论也只能说你3年口罩白带了
负面,2024-12-09 08:19:31 北京时间,保密,本来就是计划生育的，现在人口太夸张了
负面,2024-12-08 07:44:29 北京时间,保密,后半段是梦游时候写的吗，放完广子就开始乱跑[洛天依·收藏集表情包_吃瓜]
正面,2024-12-08 02:03:47 北京时间,保密,工业时代初期，一个矿工一天开采5筐煤；工业时代中期，一个开矿工人驾驶采矿机器，一天可以开采30筐煤；工业时代晚期，一个矿业技术人员采用全流程无人智能采矿工程系统，一天可以开采300筐煤；同样的一人，产能翻了60倍，而岗位却没有增加60倍，人们认为重要的人口问题，现在看起来真的没有那么重要
正面,2024-12-08 06:51:41 北京时间,保密,我能不能说如果人口将近4亿的话，那应该百分之90是年龄70.岁的老人，请问如何搞出现在4倍gdp
中立,2024-12-08 06:33:08 北京时间,保密,它不急我们急什么？跟它耍耍
中立,2024-12-08 23:46:41 北京时间,保密,爱埃及巴着急不着急
中立,2024-12-09 01:57:06 北京时间,男,确实不着急，这件事的优先度还没有解决养老金发放问题的一半高
中立,2024-12-08 11:09:35 北京时间,保密,地主更在意耕地的牛，那些耕不动地的，宰了吃更划算
正面,2024-12-09 03:17:27 北京时间,保密,小区里面的小孩子还是很多，不用担心
正面,2024-12-08 07:55:54 北京时间,男,只能说一切都在国家预料之中，国家那么大，想要完成一些目标不可能同时满足所有人的利益，人少点是好的，而且不动声色的降生育率可以说是最平缓的方式了
中立,2024-12-11 00:03:37 北京时间,保密,这个认识的不够深入，无法解释社会现象
负面,2024-12-09 04:24:51 北京时间,男,人类的繁衍并不会少了你我他而灭绝，最多少了一点多样性罢了。[doge]
中立,2024-12-08 05:36:35 北京时间,男,然而话说得再好听，也改变不了，人口不是一个冷冰冰的数字，而是一条条活生生地命的事实
正面,2024-12-08 07:51:52 北京时间,保密,很急，人少了就抽不出ssr卷王了
中立,2024-12-09 07:47:53 北京时间,男,我小孩出生到现在两岁半了，没领到过1分钱一张尿布，你说他们急不急？对比，你现在去买新能源车，点击就送2W现金补贴
中立,2024-12-08 16:46:09 北京时间,保密,标题挺唬人，观点比较平庸。而且论证也不充分，基本是定性的想象
负面,2024-12-09 06:26:07 北京时间,保密,新中国建立的时候是5亿人口。现在多少人是多余的上面很清楚
中立,2024-12-10 18:01:47 北京时间,男,"低生育率的国家，出生人口减半花了多少年,,国家出生人口数量   出生人口数量减半用时,,葡萄牙,2023年出生人口8.7万，1973 年17.3万/50年,,西班牙,2023年出生人口33.7万，1975 年67.2万/48年,,意大利,2023年出生人口38.5万，1976 年78万/47年,,保加利亚,2023年出生人口6.3万，1981 年12.5万/42年,,希腊,2023年出生人口7.4万，1981 年14.7万/42年,,泰国,2023年出生人口59万，1981 年119万/42年,,日本,2023年出生人口75万，1982 年150万/41年,,波兰,2023年出生人口31.8万，1986 年63.4万/37年,,罗马尼亚,2023年出生人口18.4万，1989 年36.6万/34年,,阿尔巴尼亚,2023 年出生人口2.9万，1999 年5.9万/24年,,韩国,2023年出生人口23.6万，2003 年47.3万/20年,,中国,2023年出生人口902万，2016 年1883万/7年,[打call][打call]"
负面,2024-12-08 03:52:01 北京时间,保密,绝对不着急，你看化债多着急[脱单doge]
负面,2024-12-09 09:19:41 北京时间,保密,真急早就下政策了，20年之后的事，估计已经选择相信后人智慧了
负面,2024-12-10 00:03:11 北京时间,保密,降低了本国人口，相应的也是降低了国内消费总量。发达国家想要的是继续保持或降低“智者与蠢蛋”比值，目前印度在极力承担这个角色，可是还有一定是印度国内高低姓种收入严重两级分化，低收入群体无法合格承担蠢蛋角色，蠢蛋需要有消费欲望和一定短时间可获得消费欲望的能力。国内消费上不去，主要也是民众消费欲望无法获得实现导致的，收入分配平衡缺失。
中立,2024-12-09 14:35:07 北京时间,保密,好家伙，确实，实现共同富裕是通过消除两级分化实现的，具体是哪一级，可没有说
中立,2024-12-08 11:19:01 北京时间,男,你知道他们很急，他们也知道你知道他们很急
正面,2024-12-08 10:46:45 北京时间,保密,根本不急，人口基数那么大 一年出生大几百万 完全不慌
正面,2024-12-10 13:40:25 北京时间,保密,靠缩减人口来实现快速成为发达国家，岂不是因噎废食。
负面,2024-12-08 02:57:47 北京时间,女,不急最好，就怕逼着女性生孩子[给心心]
中立,2024-12-08 02:56:21 北京时间,保密,应该是不着急的    我如果成绩掉的太厉害真着急的话一般是赶紧拿起书来学
负面,2024-12-09 09:21:34 北京时间,保密,你会担心你儿子考不上好大学，但绝不会担心你的徒弟在你退休后就下岗没饭吃
正面,2024-12-09 02:16:25 北京时间,男,你这么说b站小孩儿们可要喷你了
负面,2024-12-17 09:38:35 北京时间,保密,[蹲蹲]为什么呢？ 还有Up主你也是 还有空在这儿发视频。赶紧生三胎。
负面,2024-12-08 11:16:56 北京时间,男,本来就不着急，新冠那些年才是真着急的表现。
负面,2024-12-09 13:18:10 北京时间,保密,确实会驶向转型成功的彼岸，但在座的各位都只不过是薪柴[doge]在时代的列车下增加摩擦力罢了。
负面,2024-12-11 18:57:01 北京时间,男,我一直有个疑问[大笑]，很幼稚，希望不要骂我。老龄化严重，是说明那一辈已经存在的老人太多了，他们那一辈人走了不就行了？干嘛多生小孩来改变人口构成？小孩将来不也是老人？面多加水，水多加面能改变揉不动这个面团吗？许多人给我解释是人口老龄化劳动力不足，但tm14亿人口劳动力不足？老板割自身50%利润补贴缺劳动力的地方会招不到人？[疑惑]
中立,2024-12-08 12:35:30 北京时间,保密,哪怕所谓高端技术品在我们手里，我们依然996.
负面,2024-12-08 02:22:43 北京时间,保密,重点错了。如果国家给假期，让大家去生活，增加生活的时间，减少工作的时间，当大家都有钱有闲的时候生育率自然就上去了。
负面,2024-12-08 01:39:31 北京时间,保密,关键是解决就业问题，但可见的就是就业问题不仅不会缓解，还会在未来十几二十年会继续扩大。一代人有一代人的故事。
负面,2024-12-08 01:32:21 北京时间,保密,没有大量金字塔的塔基，塔尖也稳不住。不保留一定数量的低端的制造业，想维持高端制造业长期的竞争力，很难。看下美国的制造业
正面,2024-12-08 05:21:17 北京时间,保密,60年一年减少1000万，，当时人口还是正增长趋势。。。啥场面没见过，不生孩子，吓唬谁？
中立,2024-12-09 04:19:18 北京时间,保密,他们都不急我们急什么，既然大家都不急这为什么这会是个问题？接着奏乐接着舞
负面,2024-12-08 12:50:12 北京时间,保密,那么问题就来了，哪些人会成为消失的分母呢[tv_皱眉]
中立,2024-12-10 07:02:27 北京时间,男,虽然我对这方面没有什么研究，但是up主这期视频的观点是极其错误的，以减少人口这个分母为条件提高人均GDP随之迈入所谓发达国家这个逻辑无论是现实还是纸上谈兵都是极其若智的观点。
负面,2024-12-11 04:51:04 北京时间,男,官方软文，我都看到第三个类似视频了。标题基本都一模一样[doge_金箍]
负面,2024-12-09 03:38:04 北京时间,男,"实际就是不急，为了迎接全面自动化，现在这个局面是很早之前就设计好的。,不信你看有什么鼓励的政策吗？"
负面,2024-12-08 10:40:47 北京时间,保密,"[笑哭]不是不着急，是没办法；之前有个鉴证人劝群友生，说他都生三个了，说以前古人养孩子基本不花钱的，管饭就行；过一段时间又在群里说上面不急的，你们不生造不成任何威胁；看小丑天天在群里挑梁都给我整笑了。,,[doge]反正上面比下面急，又需要你的后代接各种盘，又摆出一副忽视你的态度，看以后谁先哭。"
负面,2024-12-12 02:55:52 北京时间,男,人口结构的改变才是最可怕的[笑哭]，每一个少出生的人口都是未来四十年内消费和创造财富的社会主力。
负面,2024-12-09 15:29:06 北京时间,男,14亿人口还多着呢，照目前这个出生率，想跌破十亿起码还要二十多年。
正面,2024-12-10 10:34:11 北京时间,男,在这个up的观念里，人只是发展的手段，而不是发展的目的
正面,2024-12-08 06:25:45 北京时间,保密,中国最好的人口结构是四万万
正面,2025-01-02 00:12:40 北京时间,男,很好笑，这么多人一边抱怨人太多，一边担心出生的太少。
正面,2024-12-08 16:06:14 北京时间,保密,国家从来不在乎有多少人口不人口。。。都是资源而已
中立,2024-12-19 05:24:18 北京时间,保密,不给新玩家保底的签到福利还有一百连抽谁来玩这游戏让你老玩家虐找爽感啊
正面,2024-12-09 05:48:03 北京时间,男,出生率下降其实是好事，现在生产力发达了，用不了太多劳动力，但资源是有限的，不会随着人口增多
负面,2024-12-09 04:43:20 北京时间,男,先把人口降到十亿以下再看看吧[蹲蹲]
中立,2024-12-11 09:35:18 北京时间,男,2015年出生了1655w人，也就是2038年（平均本科毕业）还能有这么多人进入劳动力，担心人口结构不如先担心就业率
正面,2024-12-09 03:09:25 北京时间,男,人口并不是最主要的问题，说实话现在比人口严重的问题多了去了
负面,2024-12-08 17:35:04 北京时间,男,为什么会有傻子认为，很多人不生孩子是为了看国家着急。他着不着急关我卵事，我只知道不生孩子保平安。[笑哭]
中立,2024-12-08 06:35:36 北京时间,保密,星星之火 可以燎原
中立,2024-12-09 05:46:34 北京时间,保密,但凡研究过欧洲、日韩人口政策及效果的，都知道人口问题是没法靠政策解决的，能解决的方案需要大量的投入，这种投入至少占税收的50%，根本就不现实
负面,2024-12-09 02:07:28 北京时间,保密,我记得贝克尔人口论，随着生活水平提高，家庭会更倾向于孩子的质而不是量，所以人口下降本来就是个必然趋势
正面,2024-12-26 10:48:32 北京时间,男,？？你人口结构有问题，人口大幅减少就能变发达国家吗？照这种人口趋势下去后面社会都得问题
正面,2024-12-09 02:47:55 北京时间,男,东北人，父母一家子都是厂子的，嗯，小时候就深刻的了解什么叫卸磨杀驴
负面,2024-12-08 12:55:56 北京时间,保密,"ai可以替代底层劳动力,,性产业又不合法，多出来的人没有多的岗位"
正面,2024-12-08 17:07:10 北京时间,女,"它急不急我不知道，我知道我不急,我都不急了我还关心它急不急干嘛"
中立,2024-12-09 11:37:35 北京时间,保密,高精尖产业是需要庞大的基础产业做支撑的，比如像航天航空只有十亿级的人口资源才能支撑，欧美是一个整体，他们有十亿级别的人口基数，苏联就没有，所以冷战苏联打输了。中国自己的十亿人口支撑起了现在的高精尖产业，如果缩到4亿，那很多行业只能选择外包，产业空心化的老路无法避免，更别谈什么复兴了
负面,2024-12-08 09:33:05 北京时间,男,只要外面还在堵车，那就说明人还是太多了[藏狐]
中立,2024-12-25 13:03:21 北京时间,保密,up对经济本质的理解有问题
正面,2024-12-09 09:11:42 北京时间,保密,简单总结，没空，就是没空，外部内部很多事，最近没空，下一届再说人口问题都来得及，不急于一时，先处理眼前问题。就是这么简单。不要乱猜。你看到的任何团结，你可以简单把你上班的公司带进去，看是不是高层都一条心。几十几百人的公司都这个吊样子，何况几千万人的机构。看清楚这个，你就知道，只要不涉及国安的问题，任何长远的问题其实都没空。10年以上的事，压根没人会真的在意。这是人性！除了计生，你看到哪个10年以上的政策有一个非常完美的过程了？？解读一个问题，不是单一解读，是要纵观整个时代背景来解读，以及所有漏出来的任何一点蛛丝马迹去解读，可能会过度解读。但方向上，问题不大。如果还有疑问，我就说一个事，全球前10大经济体，你都找不出只有几个月的常委。而且一点消息都听不到。耐人寻味
正面,2024-12-25 13:26:29 北京时间,保密,纯瞎说，人口结构呢，如果是人口跌倒了7-8万亿，60岁以上的多少人，20-60的多少人算过没
负面,2024-12-23 10:19:20 北京时间,男,相信贴吧的智慧
中立,2024-12-09 05:32:09 北京时间,保密,怎么可能急，中国人口太多了，降至5亿左右比较好。
负面,2024-12-09 04:06:57 北京时间,保密,也不愿意给点真金白银，说明并非真的急
中立,2024-12-11 12:51:59 北京时间,保密,谁在乎这些NPC死活，别忘了世界上95%的财富都集中在5%的人手里，穷就不应该活在世上
负面,2024-12-10 08:29:40 北京时间,保密,买车的补贴比生育补贴还多，说明卖不出去车比生不出娃更迫在眉睫[doge][doge]
中立,2024-12-09 03:38:59 北京时间,保密,到底是谁在渲染急的气氛，从网友的讨论到出台的“政策”，我是压根看不出来一点着急
负面,2024-12-08 07:00:46 北京时间,保密,有些几万、几十万人口的国家都没整天把低生育挂在嘴边，我们这就算不放开二胎三胎，每年还不是照样有大把人出生，国家慌不慌我不知道，反正我是不慌。[吃瓜]
正面,2024-12-08 01:46:09 北京时间,保密,是不懂吗?是没钱吗?是不想吗?都不是，只是他们不想少吃那么一小口，同时担心以后得吃少一口，仅此而已。
负面,2024-12-08 01:21:26 北京时间,保密,人口其实还是太多了[笑哭]以人为本导致必须留存大量落后产业让人工作吃饭，产业升级主要卡在这了，许多高端技术都只能小规模存在
正面,2024-12-10 11:57:30 北京时间,保密,听完这个博主的说法，纯属浪费时间
负面,2024-12-09 23:13:26 北京时间,保密,我管你急不急，已经跟我没任何关系了。
负面,2024-12-08 08:24:03 北京时间,保密,朝着你这个思路往下想，还有什么是重要的呢？人类存不存在也不重要
正面,2024-12-10 03:23:52 北京时间,保密,把人类也看成普通物种的一员，种群太过密集，生存资源不够，会自动缩减种群数量，这是自然规律
负面,2024-12-09 03:41:03 北京时间,男,"他急不急管我啥事。,反正我是不急了[吃瓜],我本来也不是为了让他急啊"
中立,2024-12-09 09:01:38 北京时间,男,"你不生有的是有人生,物竞天择,适者生存"
中立,2024-12-08 09:06:12 北京时间,男,本来就不急    难道他真的看不到普通人的生活吗
中立,2024-12-08 09:19:25 北京时间,男,玩过英雄联盟的人都知道，自己有优势会想办法尽可能获得更多资源，然后滚雪球，经济装备起来了，敌方英雄想动你还要掂量掂量自己几斤几两，反而是优势方想动你可太轻松了，当然这是个推塔游戏，就怕塞恩开车推塔，男刀抓落单，几个人集合孤注一掷去对付一个。
负面,2024-12-09 11:10:09 北京时间,保密,必须吐槽一下up最后的“分子不好涨可以减少分母来提高平均数”的理论，真的是神论啊。我提议直接参与俄乌战争，正式跟美西方开战，主要征召60以上的，实现分母的快速减小，跟大鹅一样“越打越富”，直接进入发达国家行列[星星眼]
正面,2024-12-08 10:36:27 北京时间,保密,开放二孩都快十年了。，感觉过去了很久，当时的舆论又历历在目，更多的是那时候的人和事都像做一场梦一样不复存在，
负面,2024-12-11 13:01:07 北京时间,男,那就有一个问题了，国家是谁？
负面,2024-12-08 19:01:18 北京时间,男,"其实我也觉得似乎不怎么着急人口问题。我认为目前处于一个比较尴尬的阶段，一方面科技的提升解放了不少劳动力（ai啊，机器代替人工），一方面目前又没有足够的创新点来容纳多余的劳动力，所以减少人口貌似是一个不错的选择,浅薄理解，请轻喷[笑哭]"
正面,2024-12-08 19:52:18 北京时间,保密,现在的“人口崩溃论”跟当年的“人口过度膨胀经济崩溃论”，一样可笑。人口数量会自适应调整。
负面,2024-12-08 05:30:30 北京时间,男,有什么可急的？真的着急，早就整顿企业了，而且现在机械自动化这么好，哪用那么多人？俄罗斯也就1亿多人。
中立,2024-12-24 09:32:14 北京时间,保密,你可拉倒吧，说了半天原来是嫌人多是吧
正面,2024-12-08 21:16:45 北京时间,男,为啥要着急…之前制定计划生育的时候就想到这个了啊
负面,2024-12-08 11:09:46 北京时间,男,下降是好事[微笑]
正面,2024-12-08 16:51:53 北京时间,保密,说到底为啥到了界定的发达国家称号就是伟大复兴，我感觉这篇没有必要发出来，还不够明确不够通顺可能会误导很多人，猜想的传播过于广泛了
负面,2024-12-08 02:39:01 北京时间,男,我走之后，哪管他洪水滔天
正面,2024-12-08 10:48:17 北京时间,男,不会，生产力早就可以提升了，流水线还用人工的原因就是因为人太多，有些机构之所以会急，是因为钱，没有新钱进来，他们的资金循环会玩不转，举个例子就是社保，没有新的劳动力给养老金充钱，那么之前承诺要给出去的养老金就会成为赤字，不仅仅只有社保，还有很多机构的利益是用以后的钱换来的，但是缺少劳动力之后，市场上的钱没有活力转不动，这些钱就不会到他们手里，他们也给不出去，会成为赤字，也就是还不上了
中立,2024-12-08 05:19:05 北京时间,保密,着急啥，没看最近机器人概念火爆吗
负面,2024-12-10 05:01:36 北京时间,男,就算从现在开始一个人不生了，到2050年也至少有11亿人。养老金所带来的问题远比分母减少带来的一点数据增涨严重得多。核心还是考虑到这个问题不是最紧迫的，有其他问题比这个要急得多。
负面,2024-12-09 04:08:26 北京时间,保密,出生明明多得很，那没有出生了  明明每年都有新的出生被发现。
负面,2024-12-08 02:27:38 北京时间,保密,要人口做什么呢是为了发展，但发展是最好的避孕药，本就是对立的不能既要又要
负面,2024-12-09 23:05:05 北京时间,保密,举个极端的例子，二战后的苏联，青壮年人口直接出现了断层，导致最上层都不能实现老中幼的有序接替。所以照着答案抄书，只要比彼时的苏联做得好一点，现在讨论的所有问题都不是问题，或者说不是国家急需解决的问题，而是底层吗喽挟民意以求生存延续的诉求而已
负面,2024-12-08 09:33:05 北京时间,保密,说什么因为房地产、教育以及婚嫁成本等大山导致生育低都是瞎扯。上世纪五六十年代七八十年代吃都吃不饱还不是照样生。纵观世界就会发现福利好的压力小的国家多了去了照样不生，而越是穷困落后的地方越是能生。 现在不愿意生的年轻人给多一倍工资就愿意生吗？ 每年多给个10w估计都出国浪去了吧[笑哭][笑哭][笑哭] 综合所有维度来看，年轻人对自身生活品质的要求提升，对伴侣选择标准的提升，以及对孩子是否必需品的需求的下降，是关键影响因素，这导致了死活都不愿意生的这一部分人群急速增大。 而我接触的人群里面愿意生的借钱贷款疯狂打工依旧还是愿意生的。[呲牙][呲牙][呲牙]
负面,2024-12-08 12:23:49 北京时间,男,爱急不急，我反正不急。他急了，他也改变不了现状，能改变早就动手了[呲牙]
负面,2024-12-08 17:13:14 北京时间,保密,如果保持现在的风气不改变的话，新生儿人数会逐年下拉，毕竟现在的新生儿真的有很大一部分都是父母催下来的，我一个堂姐和姐夫因为丁克都快把我二大妈气死了[笑哭]
中立,2024-12-11 09:15:18 北京时间,保密,"人口问题从来不是问题，人口结构问题才是问题所在。,很简单的一个事实，那些讨论人口本身的，看一下历史和现实，到底有没有一个国家在没有发生饥荒和战争的情况下人口大规模下降的？,,人口这种东西在保证食物充沛环境安全的情况下从来都是螺旋上升的，最多只是增速问题。,中国现在面对的是人口结构问题，不是人口数量问题，中国的人口未来总体还会持续增长，最多保持人口数量轻微浮动的情况下，增速放缓。"
正面,2024-12-21 10:28:19 北京时间,保密,其实人口已经超级多了 每年大学毕业生数量比欧洲几个国家的总人口加起来都多，国家可能也希望人口有序减少但不是能公开说的，但也一直在实际行动 比如通过改变下游规则 引导降低婚率，比如👉🏻【44岁男子被离婚，法院判给其妻子2300w，自己被判700w，自己每月还要给妻子4w…-哔哩哔哩】 https://b23.tv/m4HVxuE
中立,2024-12-08 03:39:07 北京时间,男,人口红利马上要变成历史词汇了，人工再便宜也不如机器便宜，新生人口多数都只是吃饭的嘴罢了。而且几十年后有ai医生和机器人护工，养老成本大降。到时大家思考的不是看病难而是怎么获得永生
负面,2024-12-13 05:12:59 北京时间,保密,人均gp d不代表现实实际人能获得你所劳动的不等于你所能获得的
负面,2024-12-11 08:59:21 北京时间,保密,所有人类都在为基因和种族服务从来都不是生物个体，优胜劣汰（很残酷），世界上的物种都在为基因和种族服务，个体只是一个载体
负面,2024-12-10 14:51:47 北京时间,男,说的内容浮于表面，真正的问题不敢说或者不想说[偷笑]做视频嘛，能理解🤣本来看你50多万粉丝觉得应该能说的点上，但看完你的视频觉得就是浪费时间😢
负面,2024-12-22 01:10:40 北京时间,保密,每天996 拿着自己都不够花的工资 凭什么生孩子[微笑]
中立,2024-12-11 12:56:54 北京时间,保密,"1.AI会取代一部分的劳动力,2.未来可以放开技术移民,所以不用担心人口问题，现在人还是太多了"
负面,2024-12-29 07:13:11 北京时间,保密,脑袋长在下面的人，爱生。[吃瓜]
正面,2024-12-11 01:40:09 北京时间,男,几百万人还没有工作，国家也不急。
中立,2024-12-08 07:46:33 北京时间,保密,再过20年，应该会逐步放松外国人来华工作签证
负面,2024-12-23 09:35:11 北京时间,保密,生意太难，就业难，只有一个方法，那就是对外扩张[辣眼睛]
中立,2024-12-22 15:20:55 北京时间,保密,未富先衰，到时人口下来了，一大半是老人，还有什么生产力？再说当年中国承接了欧美转移的低端，那是中国人民有强烈的富裕强国思想，现在中国想往外转移，比如非洲，你认为其他国家有这个理念？转不出去才是长态。
正面,2024-12-08 02:01:17 北京时间,保密,人口在现代经济中代表的是未来预期的负债能力，也就是杠杆能力。人口减少，代表未来消费和实体投资必然减少。人口断崖式下跌，代表传统房产，教育等行业断崖式消亡，从而导致整体社会经济断崖式下降。所以所谓减少人口减少分母这种论调，就是幼稚。
负面,2024-12-09 00:45:37 北京时间,保密,隔壁已经开始试点上四休三了[doge]
负面,2024-12-09 04:14:11 北京时间,保密,在网上看多了，甜甜的恋爱和悲哀的龟龟，我认为我的生活属于后者，哎
负面,2024-12-09 14:57:42 北京时间,男,有没有可能人口下降的趋势一旦形成，减到了4.5亿还会继续下降，到时候再想通过政策来解决只会难上加难，日韩前车之鉴就摆在那里
正面,2024-12-17 06:50:59 北京时间,男,还没有拿出诚意说明还不是特别紧迫呗，诚意不够又刺激不了多少，太有诚意那钱哪来
负面,2024-12-18 05:35:18 北京时间,男,哈哈哈自己看看老鼠的25号宇宙，你要不好好搞，等思想全部改变，习性全部改变，呵呵，那就彻底不生了[吃瓜]
负面,2024-12-08 12:25:37 北京时间,保密,为什么执着于让你结婚生子？因为结了婚有了娃你不敢迟到，不敢偷懒，不敢顶嘴，不敢辞职，心甘情愿任劳任怨！
中立,2024-12-09 06:33:49 北京时间,保密,说个不好听的，有没有可能大部分人本来不应该出生在这个世上？现在只是正在回归原本的人口规模？
负面,2024-12-10 01:09:58 北京时间,保密,"羊多的时候我想怎么吃就怎么吃，随便喂点菜叶草根了事，喂什么饲料牧草啊，想进羊圈就得把羊毛全给我交出来，那么多羊挤一块冷不死的，生小羊崽就把羊奶全给我挤干净，现在羊奶价格可太高了。反正有的是羊宰，不在乎怎么对待这些牲口。,但是最近瘦骨嶙峋的羊怕把崽饿死，都不下崽了。怕羊毛被剪光冻死在羊圈，也不进羊圈了，我请了几个专家给治疗，专家给了我几个建议。,1.给关羊圈里取暖的时候不要像以前一样一次把羊毛薅光，可以少量多次的薅光他们，让他们没那么大的抵触情绪。,2.羊奶也是一样少量多次的挤挤，给他们一种羊崽生下来也能养活的错觉，反正羔羊崽嘎了吃起来味道也很是鲜美。,3.至于得喂点好饲料和草料才能长肉这个建议嘛，先不着急。不过最近手头好紧，出点长期羊债吧，我把这些羊拿去做个长期抵押，周转十几年我肯定能缓过来，之前宰羊卖羊的钱我全KTV了，目前先将就着吧，反正还没嘎完。[吃瓜]"
中立,2024-12-08 05:35:24 北京时间,男,"人越少越好，人太多就越穷。,所以不生对你对以后的人都好，不生孩子，你就不用养儿育女而操劳。不结婚，你就可以永远找18岁，腻了换一个。,你不生我不生，人口降低，那么用人成本就会提升，所谓的卷就是人太多，想解决那就直接把人的数量降低，人都没几个了，谁跟你卷？,还有玄学的，都说投胎是个技术活，你想咱们普通人不生了，谁会生？那肯定是有钱人生呀，所以在投胎科研上也是有所贡献的，至少概率大点不是。"
负面,2024-12-22 11:29:33 北京时间,男,9900万就行了[呲牙]
中立,2024-12-12 08:44:20 北京时间,保密,"少生,优生,不生"
负面,2024-12-16 08:57:09 北京时间,男,"以后会不会有单身狗罚款。,[思考][思考]"
负面,2024-12-09 12:24:13 北京时间,男,如果咱们十四亿人口的国家都急，那么美国才三四亿，俄罗斯才一亿多，岂不是更急？至于说到出生率，韩国日本的出生率很高吗？你看人家可急？啥时候真正的推行955，做到周末双休，真正的让企业实行五险一金，保障好广大人民的基本生活需求，才能看出国家着不着急。现在早着呢，明年一千多万的大学生流入社会，如何分配好就业岗位，让人有份工作似乎才是当务之急吧
中立,2024-12-08 03:00:07 北京时间,保密,反正只需要把能雷传给别人就行，当然不着急了。
正面,2024-12-13 23:22:50 北京时间,保密,网上出生那么多，为什么还会人口负增长
中立,2024-12-12 13:54:53 北京时间,保密,"有一个很明显的逻辑问题,up在视频里的观点是经济增长依靠生产,然而发达国家的经济很多靠消费,简单来说我国过去的30年经济快速增长是靠当世界工厂(劳动力)来拉动经济的马车"
正面,2024-12-23 02:05:08 北京时间,保密,"关于目前社会形势，我作为一名教授，给出“三步走”战略:,第一，让大学毕业生去应聘新生儿，同时解决生育率低和就业率低的问题；第二，对于不想当新生儿的毕业生，实行付费上班制度，既解决了就业问题，也解决了企业人力成本高的问题，更让居民存款回流到企业相当于变相促进了消费；第三，对于既不想应聘新生儿，也不想付费上班的年轻人，建议贩卖到国外，解决外贸出口不足的问题。如此一来，就业，生育，消费，外贸问题迎刃而解。"
负面,2024-12-08 01:25:20 北京时间,男,咱们是强力政府 如果真想提升小孩 想想之前的力度 只能说不怎么用心
中立,2024-12-08 02:34:07 北京时间,男,不着急就不着急呗，我也不着急，耗呗，看谁耗的过谁。
负面,2024-12-16 11:14:28 北京时间,保密,我如果有后代的话最多养一个小孩。
中立,2024-12-08 04:07:28 北京时间,保密,不是哥们，东大还有十四亿呢。你就是到四亿人再拉人口都不算晚。
正面,2024-12-09 06:06:51 北京时间,保密,人太多了
中立,2024-12-18 17:40:36 北京时间,保密,虽然出生少，但是出生多啊
中立,2024-12-08 08:33:07 北京时间,保密,分配问题扭曲成人口数量问题，人少了消费力自然也会减少，分配的结构也不会改变，工作只会更少。为什么看起来不急，单纯是没有能力解决，没有有效措施，也不像消费地产一样有看起来立竿见影的效果
负面,2024-12-08 03:06:09 北京时间,男,up主的想法就是纯纯的国强必霸思路，忽视了我国构建新发展格局的战略目标和人类命运共同体的呼声。以后我们的全球战略在于做大全球的蛋糕，让所有人一起分蛋糕，同时做好国内大循环，在不剥削发展中国家的前提下发展才能让别人相信你画的大饼
中立,2024-12-08 15:38:42 北京时间,保密,有啥着急的，减少的速度，相比于以前增加的速度，慢多了
正面,2024-12-19 02:35:24 北京时间,男,现在一些专家都提倡中学就早恋，我想早恋是不对的，就像我父母说的一样，我父母又不会害我，严禁早恋从我做起
负面,2024-12-09 00:06:59 北京时间,男,不是人数体量的问题，是就业与生活资源分配的问题。更是生产力归属位置的问题。[doge]
负面,2024-12-08 03:52:45 北京时间,保密,先别急，后面有的急的
负面,2024-12-08 08:13:06 北京时间,保密,按照视频的观点有点削足就履的感觉
负面,2024-12-18 13:01:00 北京时间,男,根本就不是人口数量的问题，以现在的生产能力，各种过剩，就是分配问题。如果特意绕开分配问题不谈，没有未来。
正面,2024-12-18 10:21:42 北京时间,保密,人少反而是一件好事，你不干有的是人干，这不就是因为人多?人少了就可以改善了。14亿人让任何行业都会有严重内卷。
正面,2024-12-08 06:33:43 北京时间,保密,曹德旺：我着急啊
负面,2024-12-08 01:49:42 北京时间,保密,穷人断代，人口淘汰计划[doge]
负面,2024-12-08 06:19:50 北京时间,保密,不着急最好，我们更不着急[藏狐]
正面,2024-12-08 04:59:13 北京时间,女,我认为up的观点有个很严重的问题，就是没有考虑老龄化。为什么有35岁失业潮？就是因为35岁以后人的身体机能持续下降，工作效率逐年降低。如果我国不继续催生的话，到2050年尽管人口少了，但是老龄化会非常严重，人一旦衰老不仅工作能力下降，带来的更严重后果是思维固化，难以学习新知识，这对产业升级有着严重的阻碍作用。到时候大量年轻人还得供养老年人，经济能增长就不错了，说不定还会衰退。隔壁日本还有不少产业老本可以吃，我国的体量，不知道整个第三世界能不能承受低端产业转移。
负面,2024-12-08 02:58:51 北京时间,保密,急不急都不关我屁事[嗑瓜子]不结婚不生娃，反正我只关心我父母和我自己[无悔华夏_点赞]
正面,2024-12-08 06:38:39 北京时间,保密,二十年前的歌，我相信我就是我，我相信明天。今天的歌，我们都在努力的活着。
中立,2024-12-08 02:58:45 北京时间,保密,中国人口的主要矛盾还是人口过多。做一个最简单的算术题，如果从今年开始，中国人口以每年1000万的数量在减少，那么100年之后中国将减少10亿人口，剩余人口仍然6亿。有谁会相信一个国家的人口会以每年1000万的速度持续减少100年。
负面,2024-12-08 15:30:00 北京时间,保密,只要还没收单身税/无孩税，甚至定红线惩罚单身男女，那就说明情况还好，b友们实属多虑了[脱单doge]
负面,2024-12-09 08:11:33 北京时间,男,对标美国4亿人口，平均年龄80岁左右，每年只需要500万新生儿就够了
中立,2024-12-09 00:54:02 北京时间,女,这么穷的经济了，别再生了，再生岗位都没了，现在多少没工作的
中立,2024-12-08 02:05:20 北京时间,保密,因为现在最紧急的就业吧
正面,2024-12-08 15:12:01 北京时间,保密,美国面积、纬度都跟跟中国差不多，所以我们人口也可以像美国看齐，还有很大空间
正面,2024-12-09 03:35:06 北京时间,女,别急，明年估计能生个娃补贴100块😋😋
负面,2024-12-24 13:22:18 北京时间,保密,一点不急，孩子都在新加坡学的是英式教育，根本不信你这些[嗑瓜子]
负面,2024-12-09 05:13:16 北京时间,女,呃呃呃，只看表象，还拿这表象去做数学题也是无敌了[笑哭]
中立,2024-12-09 04:46:13 北京时间,男,不必理会
中立,2024-12-08 07:44:09 北京时间,男,之前看过一个新闻说我们这片土地上最适合的人口数量是6亿，所以不急
中立,2024-12-09 01:44:48 北京时间,男,好像发达国家的人口都比较少，而且人少了分摊到每个人身上的资源才能多起来
正面,2024-12-09 06:12:11 北京时间,保密,国内人还是太多了，每次回国都会被街上人山人海震撼到
正面,2024-12-09 04:06:01 北京时间,保密,说实话我一点也不着急，我才十几岁🤓👆到现在的世界战争情况我能不能安享晚年还说不定呢
中立,2024-12-09 05:39:42 北京时间,男,很多人担心人口少了，无法维持生产，基建，军事等等方面的国力。我想说国内人均gdp只要能提高到发达国家的三分之二甚至二分之一，以我们的基建和环境。全球的润人都会上赶着来填充我们的中低端制造业和服务业，自然也包括高端技术人才。
正面,2024-12-12 13:42:57 北京时间,保密,倒果为因
负面,2024-12-11 18:54:35 北京时间,保密,只是躺平了，又不是反抗了，天家有什么好着急的
负面,2024-12-24 10:33:32 北京时间,保密,多简单的事，生一个孩子提前5年退休，2个孩子提前10年，最多提前15年，而且，提前退休缺额缴纳的养老金由国家补贴缴纳，明年个个都生3胎！绝对生育超2500万/年，妥妥的！即解决了生育，又解决了就业，还提升了幸福感，完美闭环，50年后人口占全世界一半，普通人移民它国补贴100万，人口战略，占领全世界！支持的顶起来。
负面,2024-12-08 03:35:00 北京时间,保密,问题是，随着人口的减少，教育水平也并没有相应上升啊[吃瓜]
中立,2024-12-08 03:00:09 北京时间,保密,up主是想告诉我们，有的人不是蠢，是坏
负面,2024-12-08 04:40:09 北京时间,男,没错，所以现在生娃最亏，是最高的代价得到最小的收获，等我们孙子辈会过上好日子，但这都是多少年后的事情了，这一切都是在风调雨顺的前提下。[笑哭]
负面,2024-12-08 08:27:42 北京时间,保密,不是不着急，而是反应没这么快，还要好些年才会后知后觉。像我们当地，16 17年出生人口明显增多。当时管理部门就没想到，以后学位会紧张，没提前布局规划。而是在22 23年时，在看到小学入学爆满，教室拥挤不堪。他们才有点着急了，才趁着规划新修了很多学校。反正就主打一个毫无预案，后知后觉[吃瓜][吃瓜]
正面,2024-12-08 08:51:03 北京时间,女,不着急说明还没到危机线，真急的时候，你见过他们会干啥的 看80-90年代就知道
正面,2024-12-08 02:00:41 北京时间,男,指望人口减少来提高人均GDP，怕是GDP掉的比人口减少来得更快更猛
负面,2024-12-08 07:50:37 北京时间,男,做蛋糕时人越多越好，分方案…
中立,2024-12-09 03:32:49 北京时间,保密,新冠咋结束的来着？
负面,2024-12-09 11:02:47 北京时间,男,“只要产业升级发起进攻，一切都会好起来的。”[doge]“买菲洛，产业升级。。。产业升级没有信心，没有发动进攻。”
负面,2024-12-08 10:43:32 北京时间,保密,"分配制度呢？,人口结构呢？"
负面,2024-12-08 09:23:50 北京时间,男,天天打孩子，某天不打了就相当于给孩子奖赏了
负面,2024-12-08 16:20:01 北京时间,保密,提前给大家拜个早年，其他的说一句删一句没办法
负面,2024-12-08 11:45:02 北京时间,保密,你把罚我的钱 还给我先 丢了的工作损失补偿
中立,2024-12-10 00:01:11 北京时间,男,还有个问题就是按照up说的转型成高端产业，低端产业逐步淘汰。那进入高端产业需要的学历和履历也会变更加苛刻，而我国高学历人口才不过20%，剩下80%去做什么？然后AI还会逐步替代人工。总不可能剩下的人全员下岗失业潮吧，这样不是只会拉大贫富差距吗。这样看来经济形势还是不容乐观啊。
中立,2024-12-08 03:27:35 北京时间,保密,人类这种生物，哪怕只剩800人也会在短短几百年间发展到80亿，怎么可能会着急？
正面,2025-01-01 10:17:34 北京时间,女,新生了400万 还是很多啊
负面,2024-12-08 07:34:11 北京时间,保密,人口减少对高层住宅需求减少，穷人自我绝后剩下有产阶层，国家20年后可以再搞一波大拆迁，拆除高层住宅，建设别墅社区、联排社区～又能发展20年！
负面,2024-12-10 02:18:58 北京时间,男,它不急我也不急，我不给它打工说是[海虎表情包_有点极端了]
正面,2024-12-08 04:17:17 北京时间,保密,如果不能突破现有的国际吸血体系，仅仅是换庄，我国十四亿人想成为顶级吸血者，达到现在发达国家人均水平，几乎不可能。因为整个地球才六十多亿，血包不够
中立,2024-12-08 07:48:53 北京时间,保密,你先搞清楚你们老爱说的国家到底是谁？
负面,2024-12-08 01:51:09 北京时间,保密,看不懂是因为你们不在那里[辣眼睛]
中立,2024-12-08 07:29:02 北京时间,保密,工人的工资太低了 还是计划生育好
正面,2024-12-09 05:02:29 北京时间,男,感觉这期质量不是很高。（与之前相比）
负面,2024-12-08 15:29:41 北京时间,保密,“当代不是高精尖的人才的话，你也没必要生了，你这辈子送完外卖安心绝后就行了，等未来变成发达国家的生活，那并没有你和你后代的位置
正面,2024-12-08 11:27:42 北京时间,保密,我觉得并不着急，相反是有意为之
正面,2024-12-08 09:18:19 北京时间,保密,20年前独生子女都到生孩子的年龄了他们的福利还没落实到位，现在二孩三孩你还想有福利？
正面,2024-12-08 02:30:44 北京时间,保密,人口下降还有很长时间，比人口下降的更快的是经济
中立,2024-12-09 03:10:44 北京时间,男,还在强者的一切都是真理的阶段，甜甜圈和讲师肯定有话说。少数人精英理论的鹦鹉
负面,2024-12-09 04:51:12 北京时间,保密,柴烧完了灰要铲掉，顶多撒地里杀杀虫
负面,2024-12-08 13:10:39 北京时间,男,"你现在生个孩子，孩子大学毕业后投入社会工作，这期间要间隔大约22年。,谁知道22年后AI的生产力到什么程度了"
中立,2024-12-08 14:40:46 北京时间,保密,短期来看问题不大，长期来看相信后人的智慧
正面,2024-12-09 11:28:30 北京时间,保密,只要把时间放长，长痛也会变成短痛，痛过之后才是天明
正面,2024-12-09 03:42:18 北京时间,保密,发达与否与人口无关。  而是制度
中立,2024-12-08 01:48:03 北京时间,保密,一是国家需要高素质人才，二是现在有更要紧的事解决，三是中国资源确实承担不了这么多人，四是钱，五是人口政策的连续性
中立,2024-12-08 14:28:52 北京时间,保密,要实现人均4万美元的GDP，最简单的办法不是减少人口，而且把美元汇率打下来。只要打掉美元的全球霸权，就可以了。
中立,2024-12-08 10:09:53 北京时间,保密,你这只是存量思维，不是增量思维！
负面,2024-12-08 01:26:35 北京时间,男,人口，换言之，市场规模，才是一个国家最重要的资源。
负面,2024-12-11 04:14:01 北京时间,男,up只讨论了总人口gdp数字啊，到时候全是中老年人，如何撑住这个gdp呢？
负面,2024-12-09 04:39:18 北京时间,保密,UP你考虑经济的同时有没有想过20多年把十亿级的国家人囗结构进行调整的代价是什么？在国际市场回暖未知，而贸易壁垒又日渐加高下，你觉得是我国现在的出囗产品不够物美价廉吗？这是单单的经济问题吗？你呼吁方向没错，但给我新闻学与哈耶克经济学双修的美[呆][呆][呆]
负面,2024-12-09 00:55:13 北京时间,男,什么时候彩票中一等奖什么时候考虑生二孩  考虑哈[doge]
正面,2024-12-08 09:22:00 北京时间,男,如果着急能解决问题 那么急性子就是救世主
负面,2024-12-10 13:34:02 北京时间,保密,"没人口就没市场，中国现在的生产力已经严重过剩了，如果人口再减少，西方封锁我们，对我们的经济是一场灾难！只有足够多的人口，才是发展经济的最大保障！,关于人口问题，我严重同意马斯克的观点：人类面临的最大问题之一就是地球上的人口太少了——把这句话的范围从地球缩小至中国，依然成立"
负面,2024-12-08 10:10:24 北京时间,保密,国家可不是一个具体的人，抽象的概念怎么会急呢？
负面,2024-12-08 18:43:44 北京时间,男,一个国家，尤其是一个大国，动不动就出一些激进的方案那基本就换个“名字”不远了，现在的人口的问题其实根源上是二战婴儿潮的后续发展，不过我们后面还接着内战还有其他的所以向后推了，其他参与二战的大国，除了美国向外“发展”，其他都避免不了这个影响，而且目前看起来美国也不过是一样推迟了而已，我们算是参考了先例以后减少了一点影响但同样避免不了；一个全世界都没有先例能处理好的问题，各位真有什么有用的建议就别评论了，写个论文估计诺奖随便拿了
负面,2024-12-08 13:34:41 北京时间,保密,人才，up蛮适合当纳粹的。
正面,2024-12-08 02:52:16 北京时间,保密,其实你想想，国家根本就不指向任何一个人。都是上班的，你上班的时候上有领导老板下有小厮你会在乎单位的存亡问题吗
正面,2024-12-08 09:39:22 北京时间,男,还是人太多了，剩一亿人才可以过上好日子
正面,2024-12-08 08:35:28 北京时间,保密,流量炒作和焦虑，计划生育实行的时候我们10亿人口，说明10亿的时候就感觉人口太多了，现在13亿，这几年人口死亡的减去出生的，也就200-300万的差额，按这速度，多少年才回到10亿？
正面,2024-12-08 07:34:16 北京时间,男,不急啊  生育率下跌的影响不是一下子就能看到的
中立,2024-12-09 04:24:59 北京时间,保密,又不影响他们吃饭睡觉，他们急个锤子急，你看古时候天灾什么的影响当官的吃喝玩乐了吗？你要搞清楚，底层人咋样并不影响士族的生活，无非就是底层人少一点，过段时间就恢复了！大家过好自己就行，开心就行，随遇而安，及时行乐，生不带来死不带去的，永远也不知道明天和意外哪个先来！
负面,2024-12-08 03:28:53 北京时间,男,有几个误会，up 太优秀了，可能无法体会一般大众的心情和现实：比如，许多年轻人选择躺平来对抗现实，有没有一种可能这压根没有选择，也根本不是对抗？京沪户口，c9 硕博，年轻帅气，家财万贯，如果不搞，可以归类于选择躺平，阶梯状的优势递降，也是有的选的，反过来呢，只是归类于不中用罢了，不是不想是不能，干不了就是干不了罢了，没那么复杂[喜极而泣]
正面,2024-12-08 16:47:27 北京时间,男,现实总是残酷的 事实就是人口还是太多了 可惜很多人听不得实话
负面,2024-12-09 03:55:25 北京时间,保密,它急，说明人对它只是工具。它不急，说明更是工具。
负面,2024-12-08 03:15:57 北京时间,保密,提高生育率最有效的方法还是战后婴儿潮
正面,2024-12-08 07:14:51 北京时间,男,说到底“国家”是一个个人组成的，大部分人只会考虑自己，不会有多少人“着急”的
中立,2024-12-08 11:35:29 北京时间,保密,撇开分配公平问题也配叫深度吗
正面,2024-12-08 09:42:06 北京时间,保密,不会
负面,2024-12-08 03:43:27 北京时间,保密,好像那些发达国家采取的策略都没效哎
负面,2024-12-08 08:33:33 北京时间,保密,谁说不出台的，二十一条不就是吗，有了它谁还敢离婚，离婚就等着爆金币[doge]
负面,2024-12-09 08:59:20 北京时间,男,因为人口早就达到峰值了，劳动力已经从量变为质的转变，越来越多人开始追求质呗，证明我们迈向的发达国家，人民对幸福生活的要求越来越高，这不是好事吗？[呲牙][呲牙]
负面,2024-12-09 05:43:04 北京时间,保密,[喜极而泣][喜极而泣]一帮七八十岁的着急你们二十岁的人，真是平凡且自信
正面,2024-12-08 11:02:27 北京时间,保密,随着无人化普及，人口马估计只有负担，人口减少说不定就是计划之内，我们这代死完，说不定直接进入发达国家
正面,2024-12-08 03:56:09 北京时间,保密,就算急，出啥政策能刺激生孩子呢，这么多国家生育率降低也没看见有啥高招
中立,2024-12-08 03:19:29 北京时间,保密,"up主这个说法 有点像一个人得了癌症 或者 病毒性感冒,通过一个饿死自己的方式 消灭癌细胞或者病毒一样,当然这个比喻不一定正确"
中立,2024-12-08 07:30:56 北京时间,保密,"分配问题能解决，那自然无所谓，都21世纪了，哪怕只有十分之一的人劳动，也足够让所有人吃饱穿暖过上幸福生活。,但反之，如果解决不了，那就是另一个问题了。"
中立,2024-12-08 01:12:38 北京时间,男,有个很有意思的数据，我国23年工资收入占比gdp的比例是18%
负面,2024-12-08 02:49:10 北京时间,保密,这有什么疑问吗，五年后都不知道升去哪儿了，管什么人口
负面,2024-12-08 08:32:19 北京时间,保密,这个视频完全没考虑人口结构，现在出生人口这么少，后面老龄化只会更加严重
负面,2024-12-09 03:46:46 北京时间,男,急？孕检都是要自费的，他们根本不急
负面,2024-12-09 05:12:43 北京时间,男,我的评价是天上一天地上一年，有时候可能是后知后觉吧，我们在人间他们在天上，很多东西感知不一样的，就怕神仙感知到了，人间已经毁灭了。
负面,2024-12-09 15:30:42 北京时间,男,个别国家隔四年、五年有纠错机会[笑哭]
负面,2024-12-08 16:07:15 北京时间,保密,计划生育初代砖家？[吃瓜]
负面,2024-12-08 16:45:07 北京时间,保密,[doge_金箍]人口是个缓慢影响的数，所以不急，这是搞笑的，等他真的出问题，同样因为慢，也得花十几年来救，到那时候还等得起吗
负面,2024-12-09 16:38:09 北京时间,男,人口下降不是最迫切的，最迫切的是一大批不结婚的没有工作的人，这些人到了无所顾虑的年纪后，需要多大的管理成本
负面,2024-12-10 03:47:11 北京时间,男,有什么好急的，他们子孙以后又不一定生活在这里，再说，人再少也影响不了他们生活
负面,2024-12-09 00:45:17 北京时间,保密,还远到不了让对方低声下气跪下来求你解腰带那个卑微地步，或者说从来就没有过，所以安啦早点睡啦[嘟嘟]
负面,2024-12-08 02:45:59 北京时间,保密,不是月2k考虑的[歪嘴]
负面,2024-12-08 17:19:25 北京时间,保密,全自动工业化，ai，这些都是干啥的，谁会急？[妙啊]
负面,2024-12-08 09:28:47 北京时间,男,"1：没考虑人口结构，20岁的年轻人的生产力与60,70岁的老人一样吗，人口下降导致的一定是老龄化，所谓的“老年生产力”根本无法与理想模型中的人均GDP相对应。,2：更重要的是，人口不仅仅是生产力，更是消费力。,3：我更认为是“惯性过大”导致的以房地产为中心的投资模式难以快速改变，各地以往的大量基建投资导致如今根本没有多余的钱去提高人口。"
正面,2024-12-08 06:33:29 北京时间,保密,人口降低不是很正常的一件事么，不降低难度还要一直增长？
负面,2024-12-08 01:53:29 北京时间,保密,红利和我们个人没啥关系，人少了至少考试压力会少。现在还是人太多，每年200万出生差不多
正面,2024-12-08 19:48:10 北京时间,保密,人口自适应调整
负面,2024-12-08 06:42:44 北京时间,保密,灭霸打个响指，所有人工资原地翻倍？事实是需求也减少了一半
负面,2024-12-08 02:27:04 北京时间,男,其实在生育和就业两个问题面前，他们更注重的是前者
正面,2024-12-08 12:32:13 北京时间,保密,中国总人口还是很多，国家算好还剩一半大概6-7亿的时候维持住就可以了。
负面,2024-12-12 02:06:33 北京时间,男,"以我国的人口体量继而带来的一系列问题，包括土地、能源、就业、教育、住房、养老以及在发展中带来的环境问题，发展到一定阶段必然出现的新的再分配的问题（分配问题贯穿始终，只是在不同阶段的要求和方式不同）综上所述，单纯依靠人口数量妄想抹平这些问题，纯粹是拿新的错误去掩盖旧的问题，只能让伤口撕裂的更大。,相信不用太久，后人就会感谢上世纪八零年代所执行的计划生育政策（各位能够想象当初如果没有这个政策，今天我们的人口体量以及所要面对的问题吗？）但必须承认，当年的计划生育政策的确是缺乏科学管理的一刀切式的粗放决策，同样带来很多问题，但放到整个发展历程中来看，总体上是利大于弊的。（个人浅见，随便喷）"
正面,2024-12-11 01:23:55 北京时间,保密,关键没这么多人买了，你建厂卖东西给谁？这才是有关部门关心的，那么多商品得有人消化，不然你猜扩大内需刺激消费以及1带1路是为啥…
负面,2024-12-08 10:29:46 北京时间,男,人数不是主要的，人口结构才是，100亿里面99亿老头有用吗？现在看起来没什么，50年后，1个年轻人养10个老头，哪来的养老金[大笑]
正面,2024-12-09 02:18:13 北京时间,保密,养不起女人和孩子，你们呢？
中立,2024-12-10 04:53:52 北京时间,男,纯纯沙缺逻辑，人口目前是咱们最大的优势，没了就没有这个经济体量。
正面,2024-12-08 07:52:41 北京时间,男,倒果为因，踩了
负面,2024-12-24 00:27:13 北京时间,保密,感觉他似乎尝试着在用一种强行的逻辑为人口减少作辩解？似乎人口减少就能提高工资一样，但生产力与人口数量直接相关，旧的生产关系才是阻碍发展的最大推动力，顺便说一下生产关系的三要素是指生产资料所有形式，人们在生产中的地位和相互关系，产品分配形式
负面,2024-12-09 05:53:12 北京时间,保密,"在发钱催生和放任不管之间,选择了把春晚吉祥物取名“嗣生生”[星星眼],,原名巳升升，我是不想过度解读的，但是后面紧跟着“生生不息”，而且巳本义为胎儿"
负面,2024-12-12 04:39:06 北京时间,保密,确实不用急，在中国，想提高生育率太简单了，三胎奖励一个编制，立马解决，所以目前根本不用急[笑哭]
正面,2024-12-08 02:20:55 北京时间,保密,我不想要补贴，能换成假期吗，想休就休
负面,2024-12-08 13:43:17 北京时间,保密,去你妈的[doge]我身边朋友同学都结婚二胎了
中立,2024-12-09 04:46:19 北京时间,保密,"终于见到个视频跟我差不多的观点了。虽然推导过程有出入，但我一直觉得上面并没有很急切的想要解决出生人口数量少的问题，只是断崖式下跌也很麻烦而已。,偶尔看到一些人以为上面很着急就幸灾乐祸，就觉得挺搞笑的……参考老一辈人对孩子那渴望，计生办那些事情，几十年也就这么过来了。如果人口问题真的火烧眉毛，提振也是很简单的事情……"
负面,2024-12-10 01:41:02 北京时间,保密,财富聚集了没有流向市场，市场财富越少购买力越小流动越小，财富越聚集。重点就是把高度聚集的财富流向市场。
中立,2024-12-08 03:20:26 北京时间,男,人不少，人不急  说多少遍，一天天的贩卖焦虑
负面,2024-12-10 02:56:15 北京时间,保密,这个观点不是很认可，人口结构更重要
中立,2024-12-15 05:10:15 北京时间,男,等跌破1.0很多社会共识都会快速被重塑。
中立,2024-12-08 07:53:10 北京时间,保密,up主就是一厢情愿，运转整个全产业链就需要大约10亿人口，人口少了就无法运转起全产业链。任何一个缺失的空白都会成为其他国家掐我们脖子的痛点。在成为地球霸主之前，中国必须保证自己能够独立运转整个产业链
正面,2024-12-08 04:38:37 北京时间,男,解除35歲失業擔心，很多人都願意生
中立,2024-12-08 01:30:44 北京时间,女,单身人士更爱花钱，结婚以及子女是有点抠搜的，补贴单身人士其实更合算
负面,2024-12-08 09:00:13 北京时间,保密,国家是谁？是不同部门组成的。
正面,2024-12-08 02:27:03 北京时间,保密,着急也没有历史不会突然随个人改变，都是一代代迭代更替到下一代只为找到合适的活法。
正面,2024-12-08 06:59:00 北京时间,男,这么说吧 出生率派第一还是第二的我们贵州 我97的 身边同龄的人没有愿意生二胎的 有些甚至不结婚 贵州都这样 中东部地区不知道出生率恶劣成啥样
负面,2024-12-08 10:39:01 北京时间,保密,博主少算了一个，人口结构的问题，人口老龄化才是大问题。
负面,2024-12-09 04:09:28 北京时间,保密,“国家”到底是个什么主体？标题都不对，还“深度”呢
中立,2024-12-08 09:26:13 北京时间,男,短时间内是改变不了的，我们至少会经历30年以上类似于日本和韩国加起来的那种模式
正面,2024-12-08 14:03:30 北京时间,保密,人口数量是小事，人口结构呢，到时候一个劳动力供养3个老人孩子，整个国家的税收和养老金压力会非常大，更别提经济活力了
负面,2024-12-08 03:28:28 北京时间,保密,我怎么感觉就算高端制造了，还是逃不过的卷
中立,2024-12-11 11:31:40 北京时间,保密,重要的事人口结构，就这水平还做视频
正面,2024-12-08 05:06:56 北京时间,男,逛了一圈评论，发现大家对人口问题有很多错误认知，其中最蠢的一点是觉得人口少了就能过得更好
中立,2024-12-09 04:31:04 北京时间,保密,一千多万大学生的就业还没着落呢，人口问题早着呢，现在依然还是人太多太多太多
正面,2024-12-09 02:24:46 北京时间,保密,其实孩子短期内对自己的经济负担并不大，被买房套牢了才是最大的问题
正面,2024-12-09 05:58:27 北京时间,保密,美国那么优秀的资源地区  人口才三四亿  中国直接给你干到14亿  多少有点离谱了
负面,2024-12-09 02:23:06 北京时间,保密,人口少不少和我们有没关系，只要天天开心就行[doge]
负面,2024-12-08 14:32:09 北京时间,保密,自己活着都艰难，为什么还要让下一代过这样的生活。
负面,2024-12-08 10:12:44 北京时间,保密,说实在的，它急不急其实我也不关心，因为并不会因为它不急而繁荣，也不会因为它急而好过。
负面,2024-12-09 11:05:00 北京时间,保密,等什么时候《这句你不干，有的是人干》这句话消失了，再跟我谈这些吧
正面,2025-01-02 01:04:50 北京时间,保密,放开生育，太迟了，早个十年会好一点。现在我小孩一代，已经过于娇贵的抚养。生育孩子对他们一代来说，是无比艰巨的可怕的事情，会更加艰难。
正面,2024-12-08 01:03:34 北京时间,女,当然，目的是为了减少人口，分蛋糕的人少了，就能继续维持每个人分的蛋糕增加
负面,2024-12-09 13:47:03 北京时间,保密,脑洞大开幻想一下，当科技发展达到一定高度，人类社会的运转和发展，可能只需要很少的精英即可，不再需要低端的劳动者了。甚至商业都可能因为资源的无限循环和产能的无限提高，而趋于消亡。在那个人类精英和人工智能主导下的社会，任何精英群体以外的人口，因为既不能为社会做出贡献，又需要社会的供养，因此将成为社会的负面资产，社会也不可能会在意什么生育数量。[藏狐]
中立,2024-12-09 07:16:07 北京时间,男,它急不急我不在乎，反正我不急就行了😊
正面,2024-12-08 23:36:02 北京时间,保密,现在的是人口下降以后的养老金咋办
负面,2024-12-08 23:08:33 北京时间,男,现在都找不到工作，你和我说劳动力短缺？
中立,2024-12-08 07:34:28 北京时间,保密,需要的是消费人口，而不是人口
负面,2024-12-09 13:43:58 北京时间,保密,假如你是种地的，玉米减产怎么办？当然是换个产量高的品种或者是改种别的粮食啦，你难道以为农场主会出台政策帮助玉米增收吗[笑哭]
中立,2024-12-12 05:13:30 北京时间,保密,最水的一集。
中立,2024-12-08 04:42:57 北京时间,男,我觉得还是没说 根本问题 就是人口结构。和日本也是这个问题。不是人口太多 而是老龄化是现在所有全球主要经济面临的最大问题（美国是移民国家除外）
负面,2024-12-09 02:01:42 北京时间,男,越听越不对劲，视频后半体系跑偏了。1。陷入发达发展中国家的应试指标，极端点干掉中国一半人口gdp立即翻翻，可是有意义吗？2，在美国1万美元和在中国1万美元，假定完全市场化下，可能购买力相同，但现在不是啊，中国的1万美元购买率明显更高尤其在乡镇。3，国家的发展目标仅为了成为发达国家吗？领土完整，主权完整，人民安全，这些都不用考虑成本吗？我们可以利用发展中国家这个帽子继续战忽，但别真的被框进去。
中立,2024-12-09 03:39:39 北京时间,男,还以为up有何高见不过尔尔，单纯想要国家增加支出发钱，然后举例更是离谱说了西方国家怎么怎么好，但没提西方国家人口增长问题，你看看他们发钱真的人口增长了吗？看看日本，看看韩国，怎么只提发钱没提他们人口增长问题？而且发钱不过是拆东墙补西墙，up水平太低了人云亦云
中立,2024-12-08 09:52:32 北京时间,保密,辛苦打出一段话结果直接被吞了，服了。
正面,2024-12-08 17:15:23 北京时间,男,人口结构不谈？养老金够发吗，这么多房子谁来接盘，硬着陆吗
中立,2024-12-08 08:42:06 北京时间,保密,人口问题属于重要但不紧急事项，弊病十几年后才会显现，地方主官早就调任了，眼后哪有眼前重要，而且目前劳动力都是往大城市流动，但是大城市可以吸小城市和农村，他们不用自己生就有劳动力补充，小城市和农村用资源养出来劳动力最后跑大城市做贡献了，等于为他人做嫁衣，赔本儿生意也不积极
正面,2024-12-08 09:52:55 北京时间,保密,很多时候都是解决紧急的事情，重要到不着急的事情，很难整合各方意见出台政策
负面,2024-12-08 02:30:02 北京时间,保密,真不着急，人还是很多。
负面,2024-12-09 13:10:36 北京时间,保密,可能，我说可能哈，低出生率会不会带来教育资源集中，人口素质提高？
中立,2024-12-08 01:17:33 北京时间,保密,所以老人怎么办，日本熬死了一代人，欧洲战死了一代人，美国移民了一代人，我们选哪一个？
负面,2024-12-09 23:44:59 北京时间,男,着急啥？着急早开边去了。历史证明人口数量剧增往往发生在大战之后。所以想要人口暴增最直接的办法是想法把红旗插到北美[滑稽]
负面,2024-12-08 02:17:19 北京时间,保密,我记得02年左右在关天有个叫中山水寒的就一直嘟囔着人口问题，到了09年我最后一次去论坛仍然见着他在发帖人口问题的紧迫性。
中立,2024-12-08 02:49:13 北京时间,男,对结婚有一孩的夫妻补贴。这个群体限制在20岁到40岁。每个月5000。卡死这个标准。起码会好过很多
中立,2024-12-20 13:32:25 北京时间,保密,"计算现在生育率直接掉到0,花25年都不可能到6亿，剩下的人口也没有多少劳动力人口，脑子有坑。"
负面,2024-12-09 10:10:23 北京时间,保密,骤降是好事情啊，总比战争伤亡人口骤降好的多
负面,2024-12-08 01:10:45 北京时间,保密,[吃瓜]996还生孩子？
中立,2024-12-09 03:33:15 北京时间,保密,因为95后00后的家长是有一定积蓄的70后，允许小孩毕业后躺平几年，所以现在工作日也是满大街逛吃打卡的年轻人
负面,2024-12-08 16:37:30 北京时间,保密,我TM三线城市广州 三天婚假，3天啊！有意义吗？
负面,2024-12-09 03:55:06 北京时间,保密,听不懂UP说的可以理解，知道关键一点即可，那就是自动化会逐步代替人工，农业工业规模化集群化也是定局，农村人口持续减少，纺锤型社会结构会逐渐成型。这是大趋势，而人口过多不利于这一进程，缓慢稳步降低也是一种趋势，能承受的人口阈值应该是8E，极端点6E都可以[思考]
负面,2024-12-09 09:30:24 北京时间,男,"网上到处都是生活不易的劳苦大众。不是他们不努力，也不是他们没文化。反正他们就是大学毕业累死累活，赚到的钱却只能勉强糊口。,现在需要钱，但是并没有想办法提高每个人创造的价值，而是简单的鼓励生育堆数量。"
中立,2024-12-08 14:52:01 北京时间,保密,"作为普通人来说，我有两个不关心,我不关心家族以外人口有没有减少，我不关心暂住地人口有没有减少，"
正面,2024-12-08 02:06:48 北京时间,保密,如果制造业靠机器人，为什么他要你中国机器人呢
负面,2024-12-08 01:17:26 北京时间,保密,为啥有种刻舟求剑的感觉[笑哭]
正面,2024-12-08 01:07:13 北京时间,保密,发钱？你搞笑。什么都不懂。
中立,2024-12-08 04:13:34 北京时间,保密,老龄化已经开始着手解决了，延迟退休就是答案
负面,2024-12-08 02:26:07 北京时间,保密,一生二[doge]二生万物中国人口基数那么大只要想生一瞬间就能生产几亿的人口
中立,2024-12-11 01:09:09 北京时间,保密,你的这个GDP算法是不对的，以静态思维在考虑动态的世界。幼稚到我要反思我是为啥关注你的。。。
负面,2024-12-08 16:47:11 北京时间,保密,不一定要高端才能过上好生活，要不卷不低价倾销做高品质不把市场做烂才是王道
正面,2024-12-25 01:16:00 北京时间,保密,很有启发，我们国家是务实的，稳定至上，在行稳的前提下才能考虑致远，未来几十年少不了动荡和挑战，年轻人口无疑是最大的不稳定因素，老年人口就像惰性气体，天然具备稳定性。
中立,2024-12-08 15:58:16 北京时间,男,人口多少并不是最主要问题，最主要问题是生产力发达程度和社会财富分配模式。美国2%的劳动力从事农业生产，就能养活整个美国人还能大量出口，老龄化本身不是问题，一个年轻人工作能创造大量价值就有办法照顾足够多的老年人，问题是人口老龄化了，但是社会生产力达不到，至于分配不说了，说了就没了
中立,2024-12-10 03:41:00 北京时间,保密,伟大复兴什么时候是通过人口减少来实现的，看到这句话我感受的是一种愤怒，阿美莉卡从二战的一亿到现在的三亿世界一超，苏联从2.8亿到现在俄罗斯的1亿国家破碎被人围堵，一个伟大的国家必然是欣欣向荣的而人口的规模亦是如此
中立,2024-12-08 10:10:13 北京时间,保密,太业余了，不考虑人口结构？
正面,2024-12-08 01:23:36 北京时间,保密,不会 钱搞够了就出国呗 烂摊子又不用他们收拾
负面,2024-12-08 10:49:29 北京时间,男,接下来10年，每年大学应届毕业生都超过1000万，急个屁[吃瓜]
正面,2024-12-09 08:15:09 北京时间,保密,出生人口下降有利于毕业生找到工作吗？大量的托育、幼师、才艺培训岗位流失，这位up主，你是怎么逻辑自洽写出这样的文案的？
中立,2024-12-09 02:02:41 北京时间,保密,人口就不是个问题，等真缺劳动力了，开移民就行，东南亚非洲估计想来的人不少
正面,2024-12-08 06:48:54 北京时间,男,我感觉可能科技已经足够替代劳动力了，所以不担心人口减少，加上条件优渥的人群也不少，他们也需要孩子继承家业享受天伦之乐！人口恐怕还是多的负担压力大
负面,2024-12-08 05:01:44 北京时间,男,月薪三千，就爱看这个[doge_金箍]
负面,2024-12-08 22:52:35 北京时间,保密,我是外行，但我听懂了。中国人口减少一半，我们马上就成发达国家了。
中立,2024-12-08 02:24:18 北京时间,保密,我的理解是还有别的改革没跟上，比如税收征收方式，目前大头在增值税这里，或者说生产端征税，放水给生产端能较快回收进财政，但如果发钱给消费端，税收的就非常慢长，而且还有过去几十年的路径依赖，没那么快改变思路并制定好全国性政策。通过绝育达成发达国家的目标不可取，在这之前会丧失掉全产业链和快速响应市场的能力
中立,2024-12-12 06:53:52 北京时间,保密,up只考虑了总人口，就不考虑老龄化的问题吗，以为人口少一半就能是发达国家了？逻辑简直逆天，按照现在情况未来人口少一半以美元计价gdp也得少一半。
中立,2024-12-08 02:01:26 北京时间,保密,生的多的不是有能力的家庭，偏远地区一家四五个孩子
负面,2024-12-08 18:03:57 北京时间,保密,存栏量始终上不去，甚至还在稳步递减。你要是农场主能不急吗[doge]
负面,2024-12-08 11:01:26 北京时间,男,看你这个标题的人，可不是想听你说出这个结论[doge]
正面,2024-12-08 06:00:33 北京时间,男,感觉未来中国五六亿人口是最合适的。
中立,2024-12-09 00:44:18 北京时间,保密,彩礼不取消就没办法改变，现在大环境缺少自由恋爱的条件，更别提生育率了
中立,2024-12-08 07:12:55 北京时间,女,国家内外压力都很大，要做的事还多了去了。人口问题现在不是最紧急的时候，人才问题和势力整顿才是刚需。
负面,2025-01-01 17:05:51 北京时间,男,A股都会有低谷期，凭什么觉得人口增长率没有低谷期？
正面,2024-12-09 08:02:10 北京时间,保密,14亿有史以来最高，你猜他们急不急？
正面,2024-12-08 03:15:54 北京时间,保密,这种思路是对的，我爷爷奶奶外公外婆都是国企工人因为我爸妈是独生子女的，所以4个老人帮忙下成功实现小康，到了我这辈独生子，哪怕我不上班帮家里看看店也能很舒服的过一辈子了，，毕竟人少了人均就增加，如果我国就2亿人，哪怕总GDP跌一半也是妥妥的发达国家，所以我最多生一个完成6个长辈任务就行，只要人够少人均就足够高
中立,2024-12-08 08:49:54 北京时间,保密,我这大半辈子都在工业晃荡  以前一条80人的产线经过自动化改造就4个人了  产量和质量还明显提升   我是不看好的  国家层面比我看得清  我估计也是对人口下行有预期的   高质量的人口才是国家发展的需要  着看近期的教育改革就能很明显的看出来  对死记硬背的淡化 加强理科的教育  这是大势所趋  我估计在未来的十年 英语都会变为副科或直接取消
负面,2025-01-02 05:26:15 北京时间,保密,有个大问题，就是人口停止增长的情况下经济还增长可能是伪命题
中立,2024-12-08 05:02:43 北京时间,保密,这种说法也太工业党了……宁德时代比亚迪都搞奋斗者协议开始裁员了一定是不够高端吧……
中立,2024-12-09 11:13:26 北京时间,男,国家急不急我不知道，但是我确定除了着急抱孙子的并没有其他人关心
负面,2025-01-02 09:08:19 北京时间,保密,七八亿最好
负面,2024-12-08 14:04:18 北京时间,保密,浪费人生的14分钟，猜测一点不在点上
正面,2024-12-08 02:49:13 北京时间,保密,机器人开始大规模替代人工，有啥急的？
正面,2024-12-25 16:53:42 北京时间,保密,笑死我了，看到这么多人说我就放心了
正面,2024-12-09 06:35:00 北京时间,保密,只要产业升级发起进攻，一切都会好起来的
正面,2024-12-09 12:42:26 北京时间,保密,不是问题，就不用解决
中立,2024-12-09 07:38:13 北京时间,保密,如果不生会罚款的话我宁愿不生
负面,2024-12-09 04:38:21 北京时间,男,还降得不够，不着急
负面,2024-12-09 02:42:16 北京时间,男,新生儿少，毕业生多[翻白眼]
负面,2024-12-09 02:35:15 北京时间,女,抱歉，看成了出生，人口骤减[笑哭]
正面,2024-12-09 02:10:35 北京时间,保密,不着急天天催着别人生
负面,2024-12-09 02:05:00 北京时间,男,给套房再考虑
负面,2024-12-08 23:50:54 北京时间,男,因为比不生小孩相比，马上到来的人口老龄化才是大问题
负面,2024-12-08 13:59:47 北京时间,保密,人还是太多了 资源明显不够用
正面,2024-12-08 11:47:15 北京时间,男,它们都享受完了有什么好着急的
负面,2024-12-08 10:15:44 北京时间,男,只谈了出口问题，但国内分配问题呢
中立,2024-12-08 08:06:54 北京时间,保密,肯定不急啊，急的话早改变了。
负面,2024-12-08 07:48:07 北京时间,保密,中国补贴，有多少是真正需要的人拿到了？
负面,2024-12-08 07:44:59 北京时间,男,你可以看看黄文政的人口研究理论，浅显听得懂并且有数据支撑。他认为人口少弊起码远大于利，简单举2例子。1人口少就意味着消费需求少就业岗位同样是减少。2人口少...
正面,2024-12-08 06:50:57 北京时间,保密,那就是还不急
正面,2024-12-08 06:47:03 北京时间,保密,穿不到那个耳朵里面去
负面,2024-12-08 06:40:21 北京时间,保密,除了会刺激消费还会干啥？
正面,2024-12-08 06:30:05 北京时间,男,"任何事都可以用这个图片分类，宏观层面，人口问题会在20年~50年以后显现出影响，而现在内外双循环的问题是处理不好立即就产生影响到。,双循环问题和对外政治经济问题是在绿色部分，而人口问题是在紫红色部分的。"
负面,2024-12-08 05:25:43 北京时间,保密,爱急不急，我也不急[调皮]
负面,2024-12-08 05:20:17 北京时间,保密,着急什么，还是人多。
负面,2024-12-08 04:37:39 北京时间,保密,[吃瓜]有啥好急的，人口基数大
负面,2024-12-08 04:00:06 北京时间,男,人少点好呀 地球的资源不是不够用了吗
正面,2024-12-08 02:51:53 北京时间,保密,普通人养活自己 已经就不错了
负面,2024-12-08 02:44:51 北京时间,保密,居民收入占鸡的屁的比例是多少来着？
负面,2024-12-08 01:04:07 北京时间,保密,第一
负面,2024-12-09 11:28:37 北京时间,保密,无所谓有生之年看不到
正面,2024-12-09 10:09:28 北京时间,男,其实没有人在乎人
负面,2024-12-09 05:07:12 北京时间,男,人口和盘口很相似
中立,2024-12-09 03:58:25 北京时间,男,管你急不急，反正我不生
负面,2024-12-09 03:23:29 北京时间,保密,[doge]
负面,2024-12-09 02:32:56 北京时间,保密,25年，又是毕业季就业超难的一年[doge][doge]
中立,2024-12-09 01:35:38 北京时间,保密,埃及吧急不急
负面,2024-12-08 23:32:45 北京时间,男,等我赚到1个小目标就结婚生两个[嗑瓜子]
正面,2024-12-08 23:11:42 北京时间,女,想花小钱又想办大事，那就不能急
负面,2024-12-08 20:11:16 北京时间,男,[思考]
负面,2024-12-08 19:37:33 北京时间,女,多简单的道理，因为人还是太多了[无语]
负面,2024-12-08 17:25:57 北京时间,保密,急个毛，相信后人的智慧
负面,2024-12-08 13:24:01 北京时间,保密,之前就看另一个up说过了，这个up额不好说
正面,2024-12-08 09:59:34 北京时间,保密,你少一口，别人多一口，挺好
中立,2024-12-08 08:32:27 北京时间,保密,什么是问题？全球16%的GDP，贡献了38%的奢侈品消费，这才叫问题。
中立,2024-12-08 08:06:34 北京时间,男,人口大国的名号需要阿三接棒了。
负面,2024-12-08 06:30:43 北京时间,保密,主要还是养娃成本太高
负面,2024-12-08 06:20:32 北京时间,男,相信后人的指挥，不是我们这些人担心的时候
中立,2024-12-08 06:19:15 北京时间,保密,埃及吧着不着急。
中立,2024-12-08 05:37:24 北京时间,男,很好，就是人太多
负面,2024-12-08 05:33:30 北京时间,男,因为还没到时候
负面,2024-12-08 05:22:53 北京时间,男,人口下降不紧张，老龄化严重才是问题
中立,2024-12-08 03:07:19 北京时间,保密,人口断层几年没啥问题
正面,2024-12-08 02:52:50 北京时间,保密,一个问题永远是被其他问题代替是
正面,2024-12-08 02:01:27 北京时间,男,没那个能力知道伐
正面,2024-12-08 01:58:49 北京时间,保密,怎么会没有，给了实际支持以外的一切支持吗。如大量宣传等等
正面,2024-12-08 01:55:28 北京时间,保密,人口结构会先崩
正面,2024-12-08 01:19:41 北京时间,男,没钱
负面,2024-12-08 01:16:27 北京时间,男,刨根？？分母是基础不是吗？
中立,2024-12-09 02:16:41 北京时间,男,失业问题不能靠打螺丝解决 确实没有那么多螺丝要打
负面,2024-12-08 06:40:32 北京时间,男,重点不是人口多少，而是以后年轻人少，减少人口也解决不了问题
正面,2024-12-09 04:29:23 北京时间,保密,人口下降，但人均 GDP 增长了啊，人均资源也增加了。
负面,2024-12-08 01:37:26 北京时间,保密,我们人口不断下降也意味着我们的消费市场也在不断变小吧，早晚都要出海和国外竞争抢市场，难怪西方各位急急国王搞针对，确实急。人口减少有利有弊，怎么把握这个人口衰减速率，权衡人口和发展两边的同时 向2050年的目标前进很有挑战性
正面,2024-12-09 04:10:48 北京时间,男,现在是数量问题嘛，是结构问题好不好，断崖式的下跌意味着什么😅
负面,2024-12-08 02:47:39 北京时间,保密,基数在那，两代人都不急
正面,2024-12-09 14:14:38 北京时间,男,在当前这个时代，人口快速减少并非无解，人工智能和工业智能机器逐步地、大规模地投入使用能代替中低端制造业从业人员，这对于我们这个制造业大国来说就是一条出路。另外，对尖端科技、超高附加值工业品制造技术的政策支持资金投入是第二条路。这两条路未来会有两类人分别去走，技工类毕业生走第一条路，未来国家会把大部分人用市场经济之手引到这条路上。重点理工科博士毕业生走第二条路，在至关重要的能影响人类未来的重大尖端科技领域会由国家主导。人口下降不会有问题，
正面,2024-12-08 12:47:28 北京时间,男,你的逻辑是真的逆天
负面,2024-12-09 03:33:37 北京时间,保密,不怕，这是自然规律
负面,2024-12-09 03:50:28 北京时间,男,我知道你很急，但是你先别急，大的要来咯
正面,2024-12-08 04:49:58 北京时间,保密,非常不乐观啊，目前的国际环境注定未来很长一段时间要注重国内市场，够呛啊。我们可以大力开发国际市场，但成熟收益高的市场在欧美，难。也可以挥刀砍向自己，更难。等吧，等欧美市场把我们排挤的厉害时候，收回台湾能让我们稳定一些日子。
负面,2024-12-08 12:17:39 北京时间,男,本来就不着急 人没了刚好转型
正面,2024-12-08 07:28:41 北京时间,保密,很简单，根本没啥促进政策，所以显得没有着急。道理也很简单，人口问题是十几年后才会暴露凸显，现在有很多更紧急的问题需要解决，国际国内很多紧要事情需要处理，当然是忙眼前的事情，以后的问题交给后人来解决。
中立,2024-12-08 02:42:00 北京时间,保密,说AI的，想极端点，所有都交给AI，生产出来的东西卖给谁？
负面,2024-12-08 02:05:50 北京时间,保密,什么叫未来ai和机器人爆发，就是一直很近仿佛就在眼前。说的就是价格够低足够打败劳动人口。至于责任转移啥的[笑哭]你知道现在任意一劳动者非因工死亡闹到去公司，和稀泥都会让公司人道主义补偿吗？更何况那不是完全不招人，肯定需要盯着的和质检的还有维修的。至于消费端更好笑了，促内消费这么多年，工资房价差那个地步，有想过补吗？没有。何况所谓消费支持型社会本质是说外国那种存不了一分钱贷款都要花钱的社会。就还是那句，人口红利从来不是也不会是人口福利。
正面,2024-12-09 23:18:22 北京时间,男,要不了20年人口减半。2024年小日本用食用盐来计算我国人口在10亿左右（进城务工重复登记多）
负面,2024-12-08 13:15:16 北京时间,男,才初见成效，人口不会呈爆发式增长了，可以。被一些人搞得好像生育率下降国家很急一样。不知道他们是怎么想的。
负面,2024-12-09 22:52:52 北京时间,保密,这不就是整个战略国策期待的结果吗 谁又能想到每年各族出生人口比例。。。[doge]
负面,2024-12-08 14:41:27 北京时间,男,应该学维多利亚时代的英国，炮舰政策要求门户开放[呲牙]
负面,2024-12-08 01:55:21 北京时间,保密,其实有能力的挺高寿的，90多都可以工作，我们基数大，有能力的人也多
中立,2024-12-08 13:11:19 北京时间,保密,人类压根就不该出现，把地球霍霍成什么样子了，连马里亚纳海沟都有垃圾了。
负面,2024-12-08 13:59:46 北京时间,男,你这经济研究的什么东西？？
