昵称,性别,时间,点赞,评论,IP属地,二级评论条数,等级,uid,rpid
卡萨诺快餐,保密,2024-04-18 04:33:15 北京时间,7405,做了二十几年儿子了，养儿能不能防老我能不知道吗[脱单doge],广东,111,6,37718110,217398491632
shalland,保密,2024-04-18 10:25:29 北京时间,6447,冷知识：京津沪所谓的正增长也只是建立在源源不断的外来人口的基础上，本地人的生育率早就跌破1.0了,辽宁,34,6,192371,217439979072
不在南极,保密,2024-04-19 00:53:31 北京时间,10535,我初中生物老师告诉我，繁衍是生物的本性，但如果某种群判断当下环境不适宜生存，便会停止繁衍。,广西,182,5,279964509,217518638320
花自飘零H,男,2024-04-19 12:17:27 北京时间,3181,受传统观念影响，不结婚生子很多人甚至抬不起头，被人指指点点。但是当下最大的特点是，很多人有手机有电脑，就可以不出门，越来越多人不与人接触就不会受那些传统观念干扰了,四川,25,5,388379230,217603998320
BH7LVV,男,2024-04-18 04:46:23 北京时间,4175,NPC就要有NPC的样子～所以别指望NPC能做主线剧情任务～,广东,9,5,375101503,217400488880
l我叫落尘l,男,2024-04-19 23:39:31 北京时间,2681,当一个游戏不断榨取玩家价值的时候就没有什么新玩家加入了,吉林,28,5,10531932,217662253024
9g33,女,2024-04-18 03:20:59 北京时间,2585,其实原因就四个字:无利可图。能用爱发电，生一个也就很不错了，一个赔本买卖自己图个乐，但谁会同时开几个赔本生意？,江苏,16,5,18150380,217388681152
裁缝千織,保密,2024-04-19 11:02:14 北京时间,2659,"玩过RTS的明白，经济不好还要极限爆兵的话，是很难的。,想要爆兵需要开矿，造补给站和房子。,极限爆兵一般是一波流！相当于机器过载，不可持续的。",湖北,47,5,402823247,217592654512
名前大丈夫,男,2024-04-18 04:26:53 北京时间,3534,宣传孝的本质是为了忠。默认忠是比孝更高的道德，大义可灭亲。如果孝高于忠，大亲可灭义，为孝可背主，孝即刻便不存在[doge],上海,31,6,5579221,217397411840
地狱骑士犬,保密,2024-04-19 11:41:37 北京时间,2726,网友有个优点，见到好东西会分享。自己掉了坑不会让你跳。,广东,30,5,64867253,217598742080
东京火神李梅,女,2024-05-12 12:07:32 北京时间,3270,"这不是好事吗？我就奇了怪了，难道就我是从2000年生活过来的，你们就突然是一下穿越到2024年的吗？2000年那时候我还只是个十岁的小屁孩，那会儿家里穷没电脑没电视机，每天最喜欢做的事就是看报纸,,我现在都还能记得，当时报纸上就是信誓旦旦的提出，我们要在二十几年后实现人口停滞，现在目标都实现了，你们怎么都不笑啊？你们不笑我可就笑了啊[呲牙][呲牙][呲牙]",广西,37,6,241072908,221123455584
天晴指挥官,保密,2024-04-18 01:06:25 北京时间,386,"拜托点赞投币，给up鼓励[喜欢][喜欢],点点500赞，多多转发帮助更多人[打call][打call],拜托大家打赏[保卫萝卜_哭哭][保卫萝卜_哭哭][保卫萝卜_哭哭]",山西,20,6,1995815895,217374757200
亲切的绅士,保密,2024-04-19 17:55:47 北京时间,2183,"来看看几类典型的适龄青年：,1 小王：没有工作家里蹲，对后代的未来充满担忧，怕后代埋怨自己无能。不敢生。,2 小张：收入较高。但天天加班。累得要命。回家只想睡觉或者刷手机，连打开电脑玩游戏都没有力气。更不说去谈恋爱了。,3 小刘：和小张一样很忙。但是在父母的安排下认识了一个异性朋友。结果由于经常加班，约会不频繁，感情不怎么到位。迟迟没有后续。,4 小李：小李就是小刘的异性朋友。不但小刘忙着加班没有约会，小李也一样。实际上对小刘不是太满意。但是也没那么多时间找更好的。,5 小秦：收入高也不忙，属于少数派。他是五个人里唯一考虑结婚生子的。但也只是考虑而已。毕竟他收入虽然高，但是却觉得养孩子很贵又麻烦。,,————这样人口能多？",山东,117,6,2730589,217650296224
萌萌与秋分,保密,2024-04-19 12:21:41 北京时间,4500,我不生有的是人生 急啥子嘛[吃瓜],四川,40,5,293681381,217604558352
星星是冰冷的玩具呀,保密,2024-04-19 21:11:44 北京时间,3926,能把人这么吃苦耐劳的生物养成这样，要怪谁啊[doge],山东,8,5,381359319,217657473952
Callyshun,保密,2024-04-20 20:05:14 北京时间,1785,说的好，但是五一调休,广东,13,6,4165863,217811378928
莲-莲--,男,2024-04-18 13:11:09 北京时间,1947,哪怕像我这样有幸福的原生家庭，一直成绩名列前茅，我也是活的够累了，我不能让我心爱的孩子再在三战前夕来遭罪,甘肃,37,6,383590359,217464283488
前面忘了,保密,2024-04-18 06:03:08 北京时间,1721,游戏不好玩又退不了坑，那不带新玩家也正常吧,广东,8,5,1642526589,217409985632
bili_62057179,保密,2024-04-27 01:04:10 北京时间,43,[给心心]谁说国内人工智能落后的，这不妥妥的遥遥领先？,江西,1,5,62057179,218709872192
不见兔子不落泪,保密,2024-04-18 03:20:13 北京时间,1636,每到周末节假日南京地铁景区挤满了人，你就知道，人一点没少，哪里少了，一直是这么多好不好，嫌人少的多从自己身上找原因，这么多年有没有努力再生一个[doge],江苏,48,6,27179273,217388644608
不能捡的肥皂君,男,2024-04-18 03:52:58 北京时间,1054,实际上最能生的是富人和最底层的人。主要是不上不下的不生。,江西,27,6,3911949,217392648880
唏-可以和解吗,保密,2024-05-03 04:42:17 北京时间,371,只是调生而已，我上辈子应该是1910-1960左右的，当时已经生了八个，现在就没得生了。就像我们现在放了假下个星期只能休息一天一样。,广东,4,6,1734919,219655847600
帅呆的脸盆啊,男,2024-04-20 08:46:05 北京时间,1118,jieji两个字烫嘴，闭口不提，不过也没什么毛病，几乎所有人都在回避这个东西，但它确确实实存在而且越来越牢固，勇士还是稀缺的，但总会有的[喜极而泣],广东,20,5,490840786,217725181424
夹哥最帅,男,2024-06-18 12:56:11 北京时间,74,公平公正,辽宁,2,6,23799833,226974530288
RC野猫中队,保密,2024-04-18 03:25:17 北京时间,966,几代人的积累都已经被房产花光了啊,安徽,11,6,397427833,217389247600
purpoooooo,保密,2024-05-03 01:13:34 北京时间,279,11点半下班，12点半到家，7点起床，8点半上班，什么时候谈恋爱生孩子，午休的时候吗？,江西,15,5,286258660,219628714640
-细竹辉夜姬-,男,2024-04-19 14:12:49 北京时间,274,算了算自己长到结婚现在花了多少家里的钱，算完之后发现爹妈不要我绝对经济自由了,山东,15,6,12507335,217621660240
鱼丸刹那,保密,2024-05-04 14:44:05 北京时间,835,一句话，我过的差。那这个世界再好，与我何干？,广东,15,5,499533840,219911234928
规格外品,男,2024-05-03 09:48:41 北京时间,375,我个人深有体会，我爸妈养我这个废物，现在工资还没他们一半高。[笑哭]我这辈子一直在拖他们的后腿，别说给他们提供经济了，现在甚至还需要他们给我买房结婚。[笑哭]所以干脆就别结婚了，不能再继续坑父母了。让他们老年过的富足，我鞍前马后报答一下养育之恩。至于我自己，爸妈留给我的资产应该够我安度晚年了。要是再结婚生子那岂不是直接掏空[笑哭]所以我基本不太可能结婚生子了。,云南,29,6,319730,219697476784
不见观音,男,2024-04-18 04:07:26 北京时间,976,我是很不能理解修仙小说里配角死了之后为啥不惜一切代价都要重入轮回。愿我死后，不入轮回。,安徽,49,6,23855194,217394550400
平平无奇小神木,保密,2024-04-18 13:23:23 北京时间,265,不是我不想生，而是没有生孩子的条件，我现在在三线小城市，房价一万多一平米，我是一本药学失业半年多了，我老婆是985的硕士，之前失业将近一年，最近才找到工作，工资只有四千多。我们一个月除去房租吃饭也就剩一千块钱，我们接受不了在出租屋里生孩子，想买房子的话，需要攒一百年，我要是也能找到工作，估计二十多年就能买到房子了。反正啥时候有了好工作，能买得起房子，能给孩子良好的成长条件，才会考虑要孩子。,山东,40,6,18462431,217466326560
早睡早起的猫,保密,2024-04-19 06:01:27 北京时间,890,工业化时代，生育作为劳动力再生产的一种经济行为，由家庭承担了绝大部分的成本，却由社会收走了绝大部分的利益。而生育力的下跌，宣告着新自由主义现代家庭形式已经不能适应工业3.0后的社会模式，而部分中国家庭甚至才刚刚走出农业家族。,山东,11,5,26460131,217555826608
六等星の辉,男,2024-04-18 04:22:46 北京时间,558,拒绝生育是正确的，资本的最成熟收割流程就是从结婚到生育，彩礼车房且不论，从怀孕到月子，到价格比平常产品贵三四倍的母婴产品，再到培训科，兴趣班，避开资本这一套收割，你就会有很多钱了,江苏,51,6,4547294,217396776688
青山无明月,保密,2024-05-03 06:30:52 北京时间,877,人口红利是社会的红利，不是个人的红利。。对老百姓来说人口太多就业竞争就激烈,韩国,21,6,43850942,219671034864
盒子灰成盒,保密,2024-04-20 11:48:40 北京时间,262,生育率下跌的本质不就是资本再生产严重挤压了劳动再生产么，把分配问题解决了，生育率分分钟上去。可惜分配这个根本问题难以解决[嗑瓜子][嗑瓜子][嗑瓜子][嗑瓜子],广东,11,5,492656410,217751973792
GGB-月亮,保密,2024-04-19 18:43:57 北京时间,719,我觉得出生率还是高，要不为什么有这么多出生,新疆,10,5,601276763,217653075680
我黑不得叻,保密,2024-04-18 06:10:36 北京时间,262,繁衍是刻在基因里的东西，只要环境适宜，就会繁衍。对于人来说，这环境的要素太多了。,重庆,12,5,379594145,217410926832
澄十月啪啪啪,男,2024-04-18 06:41:06 北京时间,646,我刚刚被平均了11万到账，马上消费,广东,28,5,180898301,217413997328
知识都是牢笼与枷锁,保密,2024-04-18 05:13:07 北京时间,231,一大堆问题都会在后面的50年内浮出水面，为啥是50年，因为90后已经30多岁了，85岁也算是高寿了。,江苏,8,4,3546579808029467,217404291168
你的评论已不存在0,女,2024-04-18 03:01:18 北京时间,631,游戏福利不行自然没有萌新入驻啊,黑龙江,11,3,3546601261894256,217386329328
言不由衷的混蛋,保密,2024-04-18 04:32:27 北京时间,200,就和买车一样买车容易养车难[偷笑],广西,18,5,498602186,217398158944
逆袭的哥斯拉,保密,2024-04-23 09:51:18 北京时间,829,"影响生育率最关键的因素是：生活的松弛感。,现在中国人太累了，花了太多时间在工作上面，每天除了上班就是在通勤。,我表哥二十年前移民到新西兰，开小店，每天下午三点就关门去海边溜达，说政府不让他超时营业。,要先让中国的年轻人慢下来，闲下来，他们才有空谈恋爱，有空谈恋爱了，才能生孩子。人口降低是趋势，但是有很多办法可以减缓。不是喊提高妇女生育权益吗，把产假期间企业的税收相应降低。 不是喊弹性4.5天工作制吗，你把落实4.5天工作的企业税收降一降，大家每周放假2.5天，不是也更愿意出门走走消费了，更愿意谈恋爱了，最后钱还不是回到国家口袋吗。",福建,28,4,24645288,218181234352
白色的摆烂,男,2024-04-19 03:16:06 北京时间,776,高中教过有个叫环境容纳量的东西,江苏,11,4,3493109558151648,217533760608
可莉大老公,保密,2024-04-21 14:49:32 北京时间,167,我们不用急，会有人急[吃瓜],重庆,1,5,486108736,217939333184
疾风豪意,保密,2024-04-18 15:59:12 北京时间,694,我都活得这么累，感觉没有必要结婚生子。说实话，我自己都不愿意来到这个世界上。,云南,14,6,441425403,217490528720
新樂園,保密,2024-04-18 01:59:21 北京时间,194,小农经济，土地和男子劳动力，就是资本和生产工具，多生男子，就是多了劳动力，然后可以多买田地，逐渐变成富农。三五代人之后，或许可以再培养一个读书人做官[吃瓜]这又何尝不是资本的成长和聚敛[吃瓜],未知,8,6,495255518,217379583088
儒雅随和气自闲,男,2024-04-18 13:20:52 北京时间,538,"有个问题哈,就是比如你是外地人，在北京生的小孩，算北京的新增人口还是本省的呀？ 看目前新增人口的城市，都是外来人口打工的地方",浙江,24,5,479488626,217465812272
放学别走楼顶见,保密,2024-04-18 05:34:54 北京时间,195,人口不重要，ai技术可以大量替代过剩人口的[吃瓜]一定会越来越好，我在努力学英语了，回答完毕[微笑],湖南,21,5,3493113012161467,217406977536
wslwq,保密,2024-04-18 03:02:29 北京时间,555,还是恩格斯那个物质再生产和人的再生产的理论，在现代社会物质生产的成本和收益已经不由家庭这一组织共享共担，若人的生产成本不能有由社会这一组织共享共担，人的再生产就不能被促进。,山东,21,6,13272552,217386239808
态度-ing,男,2024-04-18 04:31:41 北京时间,216,"90后00后是该卷还得卷，千万级毕业潮马上就又来了。,过去两年都是千万级，只不过今年是最多的而已，三年合计超3000万，劳动力多的是，你不干有的是人干。,等90后00后老了，卷不动了，临了还得再吃一口劳动力减少的苦。",海南,18,5,59081577,217398207536
仲春之奔,保密,2024-04-19 03:43:06 北京时间,596,不存在人口红利耗尽的问题，你看看现在找不到工作的人有多少，到处是内卷，这些都是人口红利，中国的人口红利资源永远不缺，缺的是市场，如果有足够的市场订单，这些找不到工作的人马上就可以成为人口红利被利用起来,湖北,27,5,356365860,217537063120
print_WMW,保密,2024-04-18 04:39:13 北京时间,135,三代人努力才有了我有房有车大学文凭，如果我孩子想有我这高度，至少要么他能考上研究生要么我一个人顶三代人,陕西,6,5,156878193,217399443712
菲常离谱不能接受,保密,2024-04-19 12:43:25 北京时间,468,经历着最激烈的竞争，，，享受着惨不忍睹人生，，，[笑哭],上海,5,5,7280174,217607861296
TOMATOPLAYER,男,2024-04-21 12:44:53 北京时间,133,其实不买房不想着结婚生子，你的幸福感就会提高很多（你是个人啊，不要给别人灌输以人生流程来公式化你的人生，那你会像流水线的机器一样，迟早会磨坏的[吃瓜]）祝各位过的开心~,广东,3,6,33311708,217920314576
964885128,保密,2024-04-19 17:17:42 北京时间,436,扪心自问一下，这是一个美好的世界吗？把孩子带过来，真的对他好吗？,新疆,15,5,1918796922,217647231632
树祎晟瑞,男,2024-04-18 15:31:03 北京时间,146,现在自己挣钱自己花，不管是物质还是思想层面都不缺乏，为什么一定要结婚生子呢。非得要耗尽自己和爹妈下半生6个钱袋，给自己找罪受呢！是游戏不好玩了，还是漫画不好看了[doge],河北,8,5,1250730246,217486344400
有机会我就做资本家,保密,2024-04-18 05:53:18 北京时间,362,现在底层的小孩子绝大部分都是负资产，带来的只有情绪价值。养小孩养老，大部分是做不到的，很多都是父母最后的时刻才会去陪伴一段时间甚至最后一面没见过的都很多。没有小孩除了孤寂一些其他并没有什么,广西,11,4,3494356545702635,217408958272
亿万年直男,男,2024-04-18 04:23:47 北京时间,325,身边统计学的出来救一下啊，你们不是说身边全都是生二胎三胎的吗[吃瓜],上海,11,6,12609885,217396953696
godtxf,保密,2024-04-19 08:40:15 北京时间,154,其实关于生育率降低，有个核心问题UP主没说到，就是整体生育时间间隔放大了。以前，100年内可以繁衍5-6代人，而现在结婚生子的评率100年只能繁衍3-4代，整整少了2代了。,四川,4,4,1494369500,217572719312
Linda058,女,2024-04-19 12:15:52 北京时间,153,就这么说吧[嗑瓜子]我周边所有本地家庭，已经很久很久很久没有过新增人口了，不论是同学也好，朋友也好，亲戚也好，自家也好，我们有一个一致的共识，现在这个年代不生孩子是一件很正常的事情，至于这个年代是个什么样的年代，自行理解吧[OK],上海,6,6,3816775,217603770752
本可美丽降淋惹,保密,2024-04-20 12:13:00 北京时间,123,我最近换了一个小区 每天九点回去的时候真的有很多小孩 还有不少带二胎的[脱单doge]我说的实话 什么 你问我 没看见我九点才回去吗,四川,12,6,146589599,217755713328
Beaurmei,保密,2024-05-07 08:28:11 北京时间,185,人们发现拜神没用就断了香火各干各的去了，这时候神仙就急了，早先享受香火的时候可有想过哪怕降下一场雨呢[呲牙],湖南,3,4,1245471617,220312304848
铁血真君,男,2024-04-19 11:10:35 北京时间,161,养老行业将是下一个起飞的行业[吃瓜],湖南,8,5,494124561,217593753568
看你很顺,男,2024-04-18 06:21:51 北京时间,183,这种趋势在近半个世纪难得好转。不过前几年就听说国家要大力发展人工智能，可以替代最底层的劳动力资源。比如自动化农业。自动化流水线工业。我个人预计就是为了未来人口缩减的一个最有利的措施。以后在看不到的未来。真的会有大量的智能机械在无休止劳作。解决人类最基本的生存必需品。,江苏,38,5,445594350,217412105168
丶暴风雪,保密,2024-04-19 15:27:06 北京时间,117,当年都没生，现在更是坚决不生，跟老婆丁克九年了，没有负担，感觉良好,四川,18,5,479759256,217633495072
胡霄景,保密,2024-04-20 13:21:59 北京时间,134,还有各种逆天的婚姻法，对男性没什么好处，压力还大，就不愿意结婚生子了，成本太高了。,江西,6,5,588596167,217766448800
Yasen-885,保密,2024-05-03 08:12:19 北京时间,116,让那些岁月静好的人多生点吧，我还要负重前行，就先不生了[呲牙],安徽,1,5,415471638,219683902496
大家好才是真滴好,保密,2024-04-21 12:11:56 北京时间,88,人口增长省靠的也是其他省的人，不是自然人口增长,河南,1,6,14172820,217915600160
不惹浮尘,保密,2024-06-18 06:00:18 北京时间,85,说到底，就是底层没钱，养不起。  房、车、生活成本、孩子的养育成本，看看现在的普通人，多少人能挣到那么多钱,重庆,0,5,2096378454,226916685920
终须有莫强求_,保密,2024-04-19 13:05:39 北京时间,182,都说养儿防老，我当了20多年的儿子，能不能防老我还不知道吗？[doge] 万一生一个我这样的，真就是心头大患了,山东,30,5,12478571,217611209248
阿倪的风筝,男,2024-04-19 19:00:20 北京时间,95,儿孙自有儿孙福。没有儿孙我享福。真不考虑结婚了，30岁开始存钱养老,广西,11,6,2829919,217653840208
清风明月aaa,保密,2024-04-18 13:07:51 北京时间,109,党员干部走在前，群众致富就不难！,山东,2,5,413590243,217463934416
何越之,保密,2024-04-18 06:08:30 北京时间,91,在一个稳定的社会，大部分情况强者恒强，弱者恒弱。,湖南,4,6,170345577,217410667344
leo初见_,保密,2024-04-18 04:30:45 北京时间,73,还在读初中的时候就想过。父母养我一个都很花钱，班上的双胞胎他们父母养他们什么花费都要×2，想想都觉得很难养得起[藏狐],四川,3,6,223367634,217398030176
斑马座幻想,保密,2024-04-19 12:51:36 北京时间,72,"人口红利这东西一看就不能永久持续下去，想要继续保持社会福利，那就只能生产机器人，然后让机器人无偿工作赡养人类了。,但是这需要多少年？,我肯定等不到",河北,12,6,3750405,217609009456
王先生12312312,保密,2024-04-18 02:09:09 北京时间,72,没工作岗位怎么生,广东,10,4,1562914349,217380745536
房子的日记,保密,2024-04-20 09:02:55 北京时间,80,这个UP说得也不对，古时候疯狂生育的目的，一个是存活率低，寿命低，一个是每个朝代初年是有足够的土地分配的，但不到100年，穷人就没有立锥之地了。,甘肃,4,5,638559316,217727413552
黑白独舞者,保密,2024-04-19 14:35:40 北京时间,69,不患寡而患不均，自己都生存的比较辛苦或者说没过上想要的生活，在财富越来越集中的情况下，怎么生？,辽宁,2,5,360723532,217625360064
小核桃饼干挺好吃,男,2024-04-19 08:29:23 北京时间,143,还是因为公司不愿意招人，就算招人还得是一个人干三个人的工作，工资是不会高的，只用付一分钱，最近不是还有个公司共享员工。。不知道是哪个cs能想的出的。还有就是外包，劳务派遣，这两个是毒瘤操作。,江苏,9,6,17053045,217571428896
秋天早晨的白杨,男,2024-04-22 12:24:09 北京时间,64,说得好，奖励你五一调休小长假[doge],福建,2,6,179606208,218060933600
不说真话的老胡,保密,2024-04-18 03:15:09 北京时间,72,生有一女，月子中心，奶粉，尿片，保险，确实花钱的，然后现在安排兴趣班，国内教育模式和大环境会让你有孩子觉得累，当然除开经济上，更多是心累,江西,4,5,14946761,217388013664
mzchjian,保密,2024-04-19 07:55:53 北京时间,73,"出生率低是各种因素综合的结果吧，最重要的就是口袋里没什么钱，生育成本太高，干脆就不生了,,其次就是结婚的人也没以前多了，自然生育小孩的人也少了。用前面一个热评里的话说就是  “越努力越穷的怪相（跟不上婚姻的需求）出来之后，就不会再考虑结婚生子了” ，20年前你没有什么正式工作，只要你扎扎实实找事做，要找个条件和自己差不多的女朋友也不会太难，但是现在应该会挺难的了……",广东,5,6,65617149,217567783360
波波啵啵嘴,保密,2024-04-19 15:26:40 北京时间,64,什么叫底层的绝招[笑哭]至少在我这IP，现实就是生不起，但凡能挣点钱有的是人生，但现实就是六个钱包都养不动下一代了。而我这边小老板、有钱人，家均三四个孩子。,河南,4,5,475108177,217633470304
csc19001,保密,2024-04-18 04:25:31 北京时间,69,一个就够两个压力大，过来人的忠告。,江苏,16,6,356622574,217397256304
fatfatbbchu,保密,2024-06-14 03:29:39 北京时间,54,"我在香港這邊，公婆給我們一套房，每月象徵性給三千租金。我在家工作，全職工作是9小時（包午膳時間），但工作量不大，我實際每天只有工作4小時，其他時間都是處理家務事和接送女兒上學放學，月薪1萬6左右。我老公月薪2萬左右，我們兩個家庭收入在香港這邊算是比較基層一群人但未至於窮得活不下去，主要是因為解決了住的問題。香港除了能租用公屋的人，沒有人租金可以兩三千解決的。女兒一個月的補習班興趣班校車午膳飯錢平時帶去玩，買點玩具買點書就花我大約1萬至1萬5。全家人吃飯買食材一個月一萬，保險電話上網費兩三千，水電煤一二千，交通一千多，剩下幾千買一下日用品給點錢父母就沒剩了。覺得人生好累，想輕鬆一下的時候會去深圳，覺得深圳物價什麼都好便宜，一下子對比就出來了。,說了這麼久就想說內地的月薪二三千那種，為什麼這個社會還期待他們生育。",中国香港,1,4,13920474,226236123248
麦克雷湿,保密,2024-04-18 02:00:41 北京时间,52,还有地方增长！[吃瓜],上海,5,5,482336577,217379855968
一元生两仪,男,2024-04-18 10:34:34 北京时间,65,"你说了大方向，但是很多人并不理解大方向。,有没有可能：单纯的就是：不结婚更幸福，所以都不结婚了。生子女养的很痛苦，就不生子女了。,不幸福时，可以用游戏，用旅游，唱歌，跳舞等等麻痹自己。但是幸福就必须是真正的感情--爱。,幸福的具体条件还是各自的定义吧。",湖北,15,5,1924037,217441270352
压低点我在冒烟,男,2024-04-18 05:06:25 北京时间,101,"这很难吗？,我基本上展望了自己的一生,同时也展望了自己孩子的一生,我不满意现在的生活,同时我也不认为我的孩子能满意我给他的生活,那我干嘛要让我的孩子成为另外一个我？[疑惑]",山东,16,5,1714596428,217403443360
A又能怎样呢,保密,2024-04-18 04:44:01 北京时间,58,还是会有人生的，不用担心，担心自己有没有钱花就行了。二十几了女朋友长什么样都没见过，去年开始不在乎了,广西,10,5,1417140730,217400073040
a855,男,2024-04-18 16:33:26 北京时间,295,"简单来说，就是被资本主义忽悠成眼高手低，啥都要最好，啥都想要，,自己又没有那个本钱，消费主义一直在喊，,关键是，最没钱的人相信了自己就该享受最好的，,所以才导致了现在的情况，尤其是资本捧杀了女性，,让女性看不清自己，根本不会考虑和门当户对的人结婚,“人要向上走”，一局激励自己努力的话，变成努力贩卖自己，,也导致了离婚率和结婚成本的高昂，婚姻更是和房地产捆绑,关键是，这些全部是牺牲男性来达成的，,所以当男性发现，自己不结婚不生子，不买被捆绑的房车，反倒会轻松很多，,越努力越穷的怪相（跟不上婚姻的需求）出来之后，就不会再考虑结婚生子了,大家平常心就好，别被资本忽悠了，,我就打算在小城镇生活了，笑。",四川,175,6,175411,217494703728
账号已注销,保密,2024-04-18 06:14:16 北京时间,71,一个二个说不结婚，结果一看哥哥姐姐辈的全都结婚了[吃瓜],重庆,15,0,393539813,217411251344
萨尔纳加的绿泡泡,保密,2024-04-18 02:32:41 北京时间,57,我没任何感觉，穷人不生还有好多人找不到工作挤破头进我们公司....[吃瓜]（说的是事实，生气也不能怨我）,山东,17,6,38007481,217383031408
紙坊,保密,2024-06-17 20:22:56 北京时间,56,以前是生一个多一个劳动力，现在生一个是增加负担,湖北,0,5,362577981,226865721696
骄阳似火雷火丰,保密,2024-04-18 04:06:15 北京时间,44,你觉得为啥我爸妈只生我一个孩子,河南,7,6,396830896,217394489232
平和岛承太郎,男,2024-04-20 05:37:03 北京时间,50,所以我一直说我爸妈那一代人更幸福，教育水平要求不高，有我爷爷我爸直接去冰箱厂上班，虽然最后倒闭了，但是后续我爸都找了合适他的工作，治安协管在很多人看来非常不体面还累，但是实话说我把拉的下来脸去干，他觉得没啥，也熬到退休了；我妈虽然一辈子的工作都是超市员工，澡堂子前台，汽车售票这类的，可是人家也熬下来了。到我们这辈人，学历弄下来了，工作找不到，爹妈那辈人的工作不是不能干，是拉不下脸去干。我干了八年密室逃脱策划，线下活动、团建类的策划，疫情一来全散了，现在你让我干纯文员打字归档资料我还行，再让我去饭馆端盘子我真拉不下来脸。,北京,5,6,4149886,217702591696
北安精神病医院大弟子,男,2024-04-18 23:48:59 北京时间,41,我及家人没有收到过人口红利，其次养老金是我们自己一直在交，到岁数了难道不给我？所以和我有关？,辽宁,5,5,86473484,217514084672
小帅带你来追剧,男,2024-04-19 04:44:44 北京时间,50,主要原因是分配问题，孩子的生产价值被资本廉价获取。而家庭解构是资本为了削弱反抗力度，当人人变成个体控制起来就更容易了。不从生产关系讲解，反而说这些感觉什么都没说。[吃瓜][吃瓜][吃瓜],山东,0,6,231255248,217545891536
自己名字都不让起,保密,2024-04-19 12:50:00 北京时间,38,"孩子既是爱情的结晶又是生命的延续,但现在爱情少了,生命值得延续的也少了,好比没土没水就想种树,又怎么可能发芽啊.",广东,7,5,670718483,217608765568
种花的朗朗,保密,2024-04-18 04:28:29 北京时间,38,慢慢人就值钱了,北京,4,5,645999366,217397659984
killbabes,保密,2024-04-18 01:13:12 北京时间,52,但也并非只有底层拒绝生育啊，而且我感觉bilibili上大部分都是假底层，高层装个姿态为底层摇旗呐喊，也是件很风雅的事情[doge],四川,7,6,97170232,217375340896
一直落業,保密,2024-04-18 04:22:50 北京时间,40,[OK]花钱培养，不如存钱吃利息，让利息覆盖日常开支,广东,5,5,18205575,217396901088
虬龙科技--成都,保密,2024-04-19 04:31:40 北京时间,52,生娃？生了谁养？这么养？我老婆现在怀孕，还没生，产检就要小1w了，然后什么月子中心，月嫂，各种婴儿用品价格逆天。上学老师都要调查下家庭，社会风气就是攀比。养一个都难，还二胎三胎的。,四川,24,6,63249688,217544007376
阿哈利姆福佑,男,2024-06-16 09:00:47 北京时间,43,现在的生育率再低都暂时影响不到劳动生产，十多年后没年轻人了就该开放移民了，然后会有大量东南亚劳工涌入，到时候没有技术没有学历的纯体力劳动就更贬值了。你不生我不生但是这个星球上总有人在生，也没什么好担心或者好讽刺的。,湖南,0,6,84386186,226626306592
30老男孩,男,2024-04-19 16:34:43 北京时间,33,我一直想结婚，房子都买了，然后被绿了,四川,11,4,3546377994897939,217642716240
苃莉奈緒,男,2024-04-19 00:20:39 北京时间,33,绝育是结果而不是手段吧[嗑瓜子],湖北,1,6,4111074,217516220384
lowxiong,保密,2024-04-19 09:03:46 北京时间,84,孝是最残忍最丑陋的道德绑架！尤其是家里有一个躺床好几年只会张嘴吃饭头脑清晰心里只有让自己活着不惜牺牲子女一切的失能老人的家庭。,湖北,16,5,379268815,217575437456
开包薯片chips,保密,2024-06-15 01:18:07 北京时间,31,我看挺多的 一去逛街 好多小孩子呢 有的是二孩家庭呢 急啥呢 要往好了看[呲牙],北京,2,6,488323787,226389816672
我很YY,保密,2024-04-18 04:42:58 北京时间,40,人口红利和人的数量没有关系，和时代有关，20年前的人是社会需要的，现在的社会不需要人，消费除外,重庆,0,6,37213016,217399892992
画地为宙,保密,2024-04-18 03:15:37 北京时间,51,最近制造父母与子女对立的视频越来越多！,四川,27,5,406509324,217388033296
埃夏说,保密,2024-04-19 11:38:22 北京时间,33,因为别人一出生家里一亿套空置房，所以你劳苦一生挣不到一套[嗑瓜子],广东,4,6,90050094,217598116720
dongericph,保密,2024-06-18 01:45:48 北京时间,28,很多离婚家庭都是有了孩子后离的，因为有了孩子后矛盾更多，除非是夫妻双方都十分重视孩子完全题孩子着想，否则不要把生命浪费在吵架上，没有哪个孩子愿意生在天天吵架的家庭,湖北,0,4,1768287364,226882535728
天行zero,保密,2024-04-23 12:54:35 北京时间,28,"作为月薪2000的90后底层，这个话题我觉得自己能说上一句。,     出生率低，首先原因是结婚率低。结婚率低是出生率低的主要原因，根本原因，所以我不同意UP的观点。因为选择是否生育只适用于已经结婚的人，不生可能是思想问题，经济问题。但对于大多数成年人来说，包括已婚的人，繁殖都是生理问题。当精卵结合的时候，繁殖就已经刻在了每个人的基因里面，繁殖乃天性，男女皆有欲。只要能配对，大多数都会想生一个的，个别丁克思想不影响群体。至于为什么男女配对在当前时代这么难，UP可以单独开一期了。,     最后想说一下标题，“拒绝生育”的说法是不正确的。底层不是主动拒绝，而是被动不能。",四川,6,5,51811129,218208657840
忽而今夏HEJX,保密,2024-04-19 23:01:13 北京时间,54,网上现在看见很多嫌弃爸妈给1500-2000一个月活不下去的帖子，问就是要买化妆品要买衣服要抽烟要找女朋友，评论就是一堆确实不够花穷就别生了。看多了就确实我穷我不生了，不然十几年后还要被自己的亲儿女挂在网上给人骂,江苏,18,5,21881193,217660409568
花椋,保密,2024-04-20 04:38:25 北京时间,27,大学毕业之后工作两年了，一个月到手能不能有三千还得看领导心情，去年年底遇初中同学，他在职高玩了两年就去了部队后勤，一个月能拿八九千，，，我就问我爸说，“你说我要是初中毕业就进厂打工，多下点力气，现在也能开个五千块钱了吧？”回头想想这将近十年，满眼尽是惆怅,山东,6,6,11183275,217694530944
求取关,女,2024-04-18 01:39:46 北京时间,27,花个几十上百万从幼儿园到研究生毕业出来肯定能年入百万吧[呲牙][呲牙],四川,4,6,216859699,217377841808
色者刮骨钢刀也,保密,2024-04-18 05:46:52 北京时间,26,很多传统观念都行不通了，别说什么传宗接代了，古代多少人追求长生，现在呢[doge],山东,3,4,3493127308446568,217408293584
拿锅碗同学,保密,2024-05-24 18:40:40 北京时间,25,从小就有一种预感，我大概此生不会结婚。,广东,0,3,3546606764821016,223036367712
宇宙尽头的尘埃,保密,2024-04-18 04:59:09 北京时间,25,收入只够自己一个人生活，生出来怎么养？,四川,1,6,84504821,217402296240
Sylphietto,保密,2024-04-18 01:12:17 北京时间,25,人口生产的主力军一直都是农村，几年前这里城市就已经压倒农村了,吉林,7,5,343914856,217375101392
梅花笑人偏弄影,保密,2024-06-16 06:01:32 北京时间,29,其实就是普通人工资太低，生活压力太大。要知道韩国虽然生育率倒数第一，人家的人均gdp和平均工资还是比我们高的……人家的困境主要在于财阀垄断，普通人不考入名校就没有好工作这种折磨，而且人口体量小，就业岗位供给还是够的，他们人工费也挺高，日韩做零工都不至于饿死。但是在中国人口远大于就业市场需求，多少名校毕业专业没选好的都找不到好工作,浙江,0,6,11572448,226601597056
栀子老公,男,2024-06-12 09:19:26 北京时间,24,相信后人智慧，啥?没后人咋办，你这个小同志，后人就像海绵，挤挤总是有的嘛[大笑],河南,0,6,477400343,225959526192
狗头贤者,男,2024-04-18 03:47:28 北京时间,24,你不生有的是人生，自信点14亿人不缺我一个废物的[doge],湖北,5,6,3676403,217391839744
冰空の风雪,男,2024-04-20 03:44:42 北京时间,24,不说房。车。rm13贬值成这样。生活。柴米油盐。央行多印了五倍多真的没点问题？一个人都养不起一个人的时候哪来的能力生孩子结婚。5000块的价值还不如3000。工资没涨。水电煤气物业生活成本都已经起飞了。,广东,9,6,43479124,217686896752
WSDEDFS,保密,2024-04-21 08:12:56 北京时间,82,新的思维模式的出现，会导致持旧观念的人的原先认知被颠覆一时间接受不了。就像很多新事物刚开始出现会遭到抵制，但是被取代已是必然，反反复复的争辩、不忿只是在为情绪找个宣泄口罢了。评论区分析的都有道理，年轻人不会像老一辈可以生五六个孩子，这已经是不争的事实。,广东,2,5,345227458,217881370064
幻视幻影,保密,2024-04-18 03:53:46 北京时间,23,人心齐～泰山移！[doge],黑龙江,0,6,59564034,217392598448
阿奎罗天空,男,2024-05-21 15:53:47 北京时间,22,"未来中国的出生率可能会是全球最低,1,目前的房地产政策实际就是把大部分人赶到高楼里,而高楼的出生率天然就会比低密度住宅低.,2,中国的年轻人口性别比失衡是全球最严重的.,这两个条件是独属于中国的不利条件,其他国家在高速发展期随着经济发展出生率是缓降,中国是坐火箭.",广东,1,6,28263970,222567421248
苏纳德鲁,保密,2024-04-21 03:51:36 北京时间,25,愿意生不开放，不愿意了又支持 孩子你真无敌了😂,河南,2,5,633390473,217844941824
玄～月,保密,2024-04-22 18:03:26 北京时间,21,明明说的就是几千年来被研究透的东西，为什么这么多弹幕好像这辈子没听说过一样？上学学的东西都装到肚子里了吗？古代和现代的差距本来就很大，那现在的价值观去评价过去的价值观多么不可能的儿豁，历史学的都是刷题是把。,北京,5,6,30992820,218104818464
兔子暴打白头鹰,男,2024-05-27 15:58:10 北京时间,35,根据90年代育龄妇女人数变化，在生育率保持不变的条件下，未来五年湖北每年出生人口将下降3.68%，湖南每年出生人口将下降3.24%，河南每年出生人口将下降3.24%，陕西每年出生人口将下降3.19%，广西每年出生人口将下降2.35%，海南每年出生人口将下降2.3%，甘肃每年出生人口将下降2.1%，除此以外广东四川重庆贵州云南的出生人口也会出现一定程度的下降。,河北,0,6,344196015,223504361600
七八九人,男,2024-06-11 09:44:28 北京时间,17,我妈给我的解释是怕以后他们走了我没亲人,四川,2,6,460516,225804663440
喜欢音乐的张童鞋,保密,2024-05-31 20:44:58 北京时间,17,这个时代就不适合生孩子（有钱人不算），我目前靠自己真的短时间买不上房子。太难，一个月就算一万元，不吃不喝一年12万元，我们老家40万一套平均，要想全款买房子，还要不失业，人民币不贬值的前提。以我自己的状态，起码要7-8年。房子都没有还结婚，我还不如自己好好活着算了，一辈子开开心心挺好。[辣眼睛],上海,0,4,491497323,224119549456
那分明是眼泪,保密,2024-04-18 11:53:44 北京时间,20,不是现在生的少，是以前生的多了，我父母那一辈很多都是兄弟姐妹6.7个，多的上十个，我妈跟她大姐相差20岁,湖北,1,5,54200083,217452864944
keyxin,保密,2024-06-13 05:14:25 北京时间,15,计划生育是我国的基本国策，这是初中政治就教的,广东,0,5,54228513,226089901984
打来面卡,女,2024-06-08 11:43:00 北京时间,15,做了二十年女儿了，养孩能不能养老我不知道吗[歪嘴][响指],福建,0,5,338839828,225324853648
水喝完瓶子能给我吗,保密,2024-04-18 05:45:08 北京时间,29,我家制衣厂工资都降了一千多那群普工还不是老老实实给我家干活一点都不敢闹[吃瓜],山东,11,5,14336441,217408130464
屏王,保密,2024-04-18 02:49:27 北京时间,14,穷人生孩子给富人打工吗？,广东,3,4,11960463,217384783184
Herr淵,男,2024-04-18 06:03:23 北京时间,89,我感觉不生孩子的都在评论区了，反正我的现实生活就是周围都结婚生子。有些朋友怀不上还特别着急到处求医问药，因为工作太忙直接辞职生娃。,湖南,48,6,455911,217409993456
阿梨只是睡啦,保密,2024-04-18 05:44:59 北京时间,16,"跟大家讲个乐子，跟生孩子真的没有一点关系[脱单doge],我从小父母离异，没钱没房没车，也没有人关爱，从小被忽视欺负，从高中内卷到硕士，身心俱疲，我总感觉这世界有好多对不起我的地方。,然后我那个养尊处优的前男友，出行坐爸爸宝马，住在豪华小区的大house ，他就会用李嘉琦的语气讲：“哪里难了？这么多年你过的不好是不是你自己的原因？”“你怎么这么悲观，怎么全世界就对不起你一个人呢”[脱单doge],用优雅的文言文翻译就是：“何不食肉糜？”,用法国断头王后的话说就是：“他们吃不起面包为什么不吃蛋糕呢？”,然后我真的一点不想生孩子了[脱单doge]",湖北,1,5,410779892,217408052592
JF综合频道,保密,2024-05-24 13:13:24 北京时间,13,我觉得这是好事啊，就算人口减半还有6～7亿人呢？美国和我们差不多面积人口才3亿多为什么能做一超多强？所以人口多少从来就不是国家强大的原因，因此大家该吃吃该喝喝[打call],广东,2,5,1873451880,222991144064
我猫叫灰灰,女,2024-05-12 12:37:18 北京时间,13,不生孩子也是负责任的表现。让爱生的、有钱养又有意识学习育儿知识的，去生。不爱生的、没钱养的、不愿意科学对待育儿的就别生了真的。,英国,6,4,3493126222121036,221127957248
cUc_don,保密,2024-04-24 05:00:52 北京时间,13,啊？还这么多？？？？？？？？？？？？天理难容！地理也不容易,云南,4,6,96288935,218294358912
迎-轻风,女,2024-04-21 12:25:42 北京时间,13,"我表哥是山东户口，他这辈子最想转到别的省份。,他不希望自己的孩子面对残酷的中高考竞争",福建,6,5,441762246,217917546912
御坂11337号,保密,2024-04-19 03:58:25 北京时间,87,评论区居然有人提养老？那就聊聊分配了[doge],福建,3,6,534488,217538970688
钙奶夫妇,保密,2024-04-18 04:30:19 北京时间,15,都说不生，然后结婚后30岁一胎，40岁二胎。生育其实是时间延后了而不是真不生[捂脸]别的不说，看看学校的40左右的老师，都在备孕二胎[藏狐],山东,16,5,547996410,217398004992
宇宙最好运,保密,2024-06-07 10:19:08 北京时间,12,每个月能给父母多少钱，父母生病了攒了多少钱。这点钱我都紧巴巴的我还生孩子 我脑子没疮,吉林,0,6,87134321,225142695072
阿里郎跟道拉吉,保密,2024-05-16 04:05:44 北京时间,12,那一句“我们是最后一代”到现在都印象极为深刻。,湖南,0,4,11426651,221680062512
四处找吃的,保密,2024-04-23 12:54:23 北京时间,12,我很好奇的一点是，不谈这毫无疑问的主观意愿。会不会真的有外人在使劲，比如大力发布各种男女对立，生活压力之类的东西，耐心而巧妙的引导向一个结果。这些虽然真实的东西，会不会有人推了一大把，像太极一样借力再助力，真得就变成了破阵破城破局的冲角。去那边的二狗子里，毕竟有不少是真有智力的。我的意思是，如果有，如果是，那真是令人欣赏的操作呢~,安徽,5,5,144599922,218208647088
账号已注销,保密,2024-04-18 13:27:37 北京时间,12,底层减少只是被动适应环境，有钱大部分还是会生。,四川,2,0,3494360731618101,217466914896
别吃gg下的蛋,保密,2024-04-18 05:46:11 北京时间,12,主要是成本有问题，现在成本太高,江苏,1,5,268616619,217408261120
爱探险的德莉莎,保密,2024-04-18 06:23:02 北京时间,48,其实还好 养小孩真的很难吗[抠鼻] 农村上学又不花钱 一年也就一两千的书本费  吃饭回家吃也不怎么花钱 不补课 要么自己教 要么就不管不问让他喜欢什么学什么 学个技术啥的不比漫无目的的学习好啊 所以养小孩最贵的时候就是奶粉钱➕前期在医院花的钱  现在难的是 找对象 找个志同道合的对象太难了,江苏,177,5,254140813,217412137872
千枫墨染,保密,2024-05-25 12:31:29 北京时间,31,有些人是真能嘴硬，还在拿“国外高福利生育率低怎么说”来扯淡，但凡b站搜几个近5年各国生育率排名视频看看，你都不会还拿着20年前的观念看问题。生育率都不如隔壁樱花了，还以为国外高福利生育率低呢😅有没有一种可能，它们现在比我们高,山东,0,6,44971467,223153207136
玲冰幻绫梦,男,2024-04-19 01:26:08 北京时间,18,有趣，拿现在的情况推算满清时代。知道彩礼古代是只有大户人家才给的起的么。一般小农家庭都是意思一下。有的很穷苦的甚至要倒搭彩礼才能把女儿嫁出去做小或是卖了做丫鬟，算是给女儿一个活路，还指望着给你彩礼真是异想天开。,四川,2,6,23605278,217521969232
风雷振九州,保密,2024-04-19 14:25:10 北京时间,16,归根结底是独生子女政策造成养孩子成本被推的太高了，所以年轻人都怕了,辽宁,12,5,349136098,217623714128
金币先生们,保密,2024-06-16 23:03:38 北京时间,11,在非贫困国家城市，生育率在一定范围内反映居民幸福度，由空闲时间和金钱决定，有时间才有办法谈恋爱结婚照顾家庭，调节夫妻及家庭关系，有钱才能维持家庭关系的稳定，不解决这2个根本因素，生育率就很难提升。,福建,0,4,630547220,226715949376
梅花笑人偏弄影,保密,2024-06-16 05:49:13 北京时间,11,某种程度上也羡慕现在的20后，到他们那时候高考竞争压力小了很多，但是也不知道经济变成什么样了。,浙江,1,6,11572448,226599674256
振子没有脑袋,女,2024-06-12 04:38:28 北京时间,10,爸妈那一代都是这类想法，导致现在这一代大部分从小留守儿童长大的，思想更迭了，自然也不想让自己生出来的孩子再重蹈覆辙，只能说思想不是一个层次，确实没啥可聊的，你想找志同道合的对象估计挺难找[喜极而泣],贵州,0,6,31559132,225924314656
冥璃七月,保密,2024-06-05 16:23:42 北京时间,10,知道吗？新一轮的大学毕业生有一半多的人找不到工作，就这样生孩子？,四川,0,4,200219725,224883240736
设计XXMAN,保密,2024-04-18 03:12:28 北京时间,10,不是问题，日本几十年了，不照样很好。,河北,4,5,40209582,217387769488
高端大气半颗葱,保密,2024-04-18 02:33:51 北京时间,10,物竞天择，适者生存。,江苏,2,5,651055069,217383248224
TMD流逝吖,保密,2024-05-31 15:12:41 北京时间,12,"鼓掌👏大家终于都看开了。,也想明白了。,听说我们这现在妇产科医生都不是熟手。[微笑],不知道其他城市会不会也一样。",湖南,2,4,1761458907,224091531424
白漂多不合适,男,2024-04-20 00:50:05 北京时间,12,是啊，老母亲催婚的时候，最大的理由就是娶了老婆生了孩子，才能老有所依，但她说这话的时候我是真想说，我都没能力也不想养你，我难道还能指望孩子给我养老？,重庆,2,5,486667888,217667269472
鸢霏猷,男,2024-06-04 03:30:08 北京时间,9,我只关心我的退休金能不能拿到,广东,0,4,108084395,224622793248
躺石头上睡觉,保密,2024-06-01 19:14:26 北京时间,9,没解决自己生活问题还是算了吧，家里老人什么时候生个病都顶不住更不要谈结婚和生孩子了。,广东,1,6,108007368,224281304704
一颗哒橙橙,保密,2024-06-01 12:41:10 北京时间,9,工资一直都没涨多少啊？绝大行业两倍都没，水果很多翻了十倍，我这边幼儿园学费一年四万还算普的了，生了孩子根本入不敷出，像背了座大山。,广东,0,4,375342860,224230393344
果酱白鱀不是白框,男,2024-05-28 18:35:39 北京时间,9,"只要95以后的人持续奔三，那更好看。,我相信这个时代能烂掉，成为后人的教训，以我们自己为代价也可以",湖北,0,6,1931548,223667598784
卖身葬自己,男,2024-05-10 00:57:28 北京时间,9,我就说个最简单的，我自己都养不活了，拿什么养孩子？没买房子之前我感觉还好，买了房以后真的压得我喘不过气本来工资也不低，够我自己开销的，但是要还房贷各种，就剩不了多少钱自己用了,云南,0,6,27387085,220704555584
原-阿基米德,男,2024-05-08 10:04:13 北京时间,9,生育在生存面前那就是个弟弟，都在说生育是动物的本能之一，但生存也是，而且优先级明显要比生育高，在环境恶劣时，动物的生殖率会明显下降，因为在冬天生孩子的话，有可能自己活不成，孩子也活不成，这是非常亏的。,河南,3,5,527733912,220469993216
我真服服啦这个居然有,保密,2024-04-23 03:38:39 北京时间,9,"简单来说，就是被资本主义忽悠成眼高手低，啥都要最好，啥都想要，,自己又没有那个本钱，消费主义一直在喊，,关键是，最没钱的人相信了自己就该享受最好的，,所以才导致了现在的情况，尤其是资本捧杀了女性，,让女性看不清自己，根本不会考虑和门当户对的人结婚,“人要向上走”，一局激励自己努力的话，变成努力贩卖自己，,也导致了离婚率和结婚成本的高昂，婚姻更是和房地产捆绑,关键是，这些全部是牺牲男性来达成的，,所以当男性发现，自己不结婚不生子，不买被捆绑的房车，反倒会轻松很多，,越努力越穷的怪相（跟不上婚姻的需求）出来之后，就不会再考虑结婚生子了,大家平常心就好，别被资本忽悠了，,我就打算在小城镇生活了，笑。",四川,1,6,180049394,218136726080
Rals_ei,男,2024-04-21 15:53:22 北京时间,9,目前情况是几十年后人口急剧减少，后来的新增人口竞争竞争对手减少生存环境更好了，但再往后生育成本越来越高，后出生的人生存难度越来越高（科技提升导致许多低门槛岗位开始大规模消失直到只剩下科技，政治，文化，娱乐这几类，普通打工人完全消失，高级打工人的暂时不会但会随着科技进步被ai完全代替），人口质量不断提升，不断减少各个阶级之间差距，人口逐渐减少直到循环到一个临界点，到最后以前小说里看到的社会共养体系搞不好以后还真的会弄一个差不多的，即家庭家族这个小团体消失，摆脱家庭家族的束缚，不再归属家庭家族这种小单位，而是以国家，甚至全人类这种为单位，出现批量生产的高质量人类，不断筛选，比家庭各方面都强，只是少了那一份家的温暖，更替的那一代估计会很难受（如果思想变化很大可能不会难受）。。。,四川,2,5,1888038180,217949366832
豆豆兵,保密,2024-04-19 16:03:22 北京时间,12,你这说的我不给个关注都不好意思了啊,上海,0,6,8058930,217638708688
雪梨X苹果,保密,2024-04-19 15:59:48 北京时间,9,以前养个小孩大部分人随随便便养就能跟上大部队了.现在.大部分人都得倾尽全力...,广东,0,6,3210508,217638415360
电子厂小枛,男,2024-04-19 15:03:05 北京时间,9,环境容纳量是针对自然环境而言，人类社会是一个超过自然环境的范围的，用k值来形容虽然不准确，但也是最好的能够以高中的思维水平来理解这件事情的解释了,湖北,3,6,443944485,217629599504
小布丁1335,保密,2024-04-19 01:08:52 北京时间,9,房价和生活成本的共同作用呗，小动物都知道，环境恶劣，资源缺乏就停止大量繁殖了。生个娃就要让自己的生活质量断崖式下跌的话，就缓缓再说呗。,浙江,1,4,3493113330928435,217520264368
鲁迅弟子,保密,2024-04-18 06:35:10 北京时间,11,没生孩子我是中产。生了孩子就是破产[doge],上海,1,5,1687215277,217413434928
歌唱祖国好好好,保密,2024-04-18 04:44:58 北京时间,9,你们会在服务器不好爆率低的全是工作室的服务器开新号吗[吃瓜],上海,1,5,294144571,217400211472
指尖弹奏世界,男,2024-06-02 15:27:57 北京时间,23,吃草就能活的牛马连草都吃不起了  还指望牛马生育？！,福建,0,5,470025894,224421436656
张小朋友略略略,保密,2024-04-18 03:42:13 北京时间,13,人口变少不代表经济不行，而是产业升级，对高级人才和创新性人才增加需求会变大，不再需要遍地廉价劳动力了,湖北,9,5,374761599,217391291216
硕根先生,保密,2024-04-20 10:36:45 北京时间,29,打开视频暂停，下拉评论区，最新排序，可惜没找到真实答案,日本,1,6,2921080,217740798016
阿富汉子,男,2024-04-19 12:55:49 北京时间,14,"问题的核心是：,1、看看现在 结婚有多难？有几个女人 看得上跟她同一水平的男性？,2、就算好彩 终于结婚了，离婚率多高？,3、以上两条才是两座大山， 否则 谈什么生育？",重庆,9,5,327732484,217609582784
樱落晨明,男,2024-06-07 10:44:35 北京时间,8,河南那么大的人口基数，才出生那么点人。感觉已经改变很大了。,河南,2,5,1353392703,225147005472
千年大老王,保密,2024-06-05 13:39:57 北京时间,8,我反思什么，车房彩礼怎么结婚？[跪了],河北,0,4,518724943,224856996928
专业试驾二手车,保密,2024-06-03 05:33:44 北京时间,8,坐着说了差不多十分钟，我用一句话总结：“生娃儿不赚钱”,四川,0,4,1414916126,224489160704
可恶的大头,保密,2024-05-10 04:19:28 北京时间,8,"似对非对，根子就没说对。,最麻烦的是，真实原因这里还没办法说，一说就禁。,up主说的是从纯利益角度出发，当今社会的劳动力再生成本过高，这点是对的,物质崇拜后的人自然就纯粹从钱来考虑问题了，物质崇拜后不考虑钱，不从利益出发，哪从哪出发，这是对的。,社会是为什么走向主流价值观物质崇拜的？但是最重要的为什么会从纯利益出发，这没说。,这个因并不是简单的城市化造成的。,这就像另外个经典话术，公平和效率是冲突的，这句话就是不谈前提。,在资本主义社会或者说物质崇拜的主流价值观下，公平和效率，确实是冲突的。",广东,0,4,388423390,220728273584
自傷無色_,男,2024-04-20 08:05:07 北京时间,8,现在是以前计划生育的成果期，出生率降低才刚开始呢；而提早宣传新的多生是应该是为了更远的以后人口能维持稳定区间[doge],湖北,0,6,34185954,217720051824
花满楼123,男,2024-04-19 18:31:48 北京时间,8,现在的社会结构，养孩并不能防老，有出息的去了大城市或者出国，这基本就别指望了他给你养老，你还要防着他买房给你要大钱。没出息的留在本地赚那可怜的3000块，你每个月还要资助他，如果你没有退休金，那就更可怜了！,山西,2,6,2496410,217652493216
谭欣然然然,保密,2024-04-19 16:20:43 北京时间,8,以前上课  老师一直在说人口过多  平均土地  人口密集什么什么的,广东,2,6,314135928,217641111216
阿熊在努力,男,2024-05-18 00:16:05 北京时间,10,主要是孩子毕业以后工作都找不到，生出来没有用,安徽,5,6,22663170,221960326048
园田将芜胡不归,男,2024-04-19 03:31:45 北京时间,10,临终时，看着自己用一生的辛劳换来的财富，欣慰地笑了：我离开之后，它将属于全世界人民。[脱单doge],广西,2,5,1065952844,217535629040
风雪汴梁桥,保密,2024-06-12 12:34:17 北京时间,7,"家庭思想的转变只是一方面，生育率下降，是因为中国社会发展到生育率下降的阶段了，当年计划生育没有影响?  经济和社会环境难道还能不发展吗？即使不婚不育比以前多了，但是看看自己周围生孩子的还是大多数，不婚不育群体的影响根本没有那么大，非得把生育率和年轻人是否婚育挂钩，好像年轻人全都生，生育率就再也不会下降一样，,网上各种把责任全推给年轻人的言语浪潮，真的很不负责，年轻人不背这个锅....[大哭][大哭][大哭]",山东,0,5,476745445,225990047280
冷脑热心,保密,2024-06-11 16:25:04 北京时间,7,我帮大家算个账，别人家生二胎，你单身，那么二十年内你单人的收入就能比别人家四个人的的人均收入翻一倍。[doge],广东,0,6,275378220,225869369200
假假条丷,保密,2024-05-26 14:15:43 北京时间,7,耶-----全四光就没人和新生代内卷了！！！,山东,0,3,1998947008,223337128624
圣桃桃香,保密,2024-05-21 11:34:40 北京时间,7,房价和彩礼是大头，事实上现在很多年轻人哪怕不工作，父母也养得起。,江苏,2,6,2568288,222526615040
骑摩托去透析,男,2024-05-13 23:39:45 北京时间,7,"我不生，有的是人生，,我这么穷，生出来跟我吃苦吗，",辽宁,1,6,1617410220,221344083568
-唯昕-,男,2024-05-10 01:48:23 北京时间,7,"当环境适宜的时候，生命会选择繁衍后代。当环境恶劣，不适宜生存的时候，生命会不得不倾向优先保全自己生存下去，而不再繁衍后代。,遵从天性是繁衍生息，但人类发展至此靠的不是天性，而是不断的适应环境的变化以及进化，靠的智力与能力的提升。",河南,2,6,5716351,220709662448
学问之美,保密,2024-05-04 07:19:16 北京时间,7,"其实吧，没那么复杂，主要原因是：1 大家生活变好了，以前除了生娃养娃这一件打发时间的正事，其它如棋牌麻将喜欢的人有限。2 信息交流极大方便。总结起来，就是除了养育下一代，还有太多的事可以做可以玩，花花世界迷人眼，与之相比，养育下一代消耗的脑力、体力、财力高于了刷手机、刷剧、打游戏。,设想一下：如果娱乐设施反过来，不是脑残化，而是需要高数90分以上的智商、接近体操运动员的敏捷和协调、长跑满分的体能要求，达不到者只能使用定制手机（类似功能机，无法自己安装app，能用微信qq支付宝，但三者中没有小程序，没有游戏）、只能如过去那样看电视（没有点播、没有会员，广告巨多）、不能安装电脑游戏，生育率立刻能从现在不到1回升到接近2。再叠加养娃奖励，例如生养两个娃可以进电影院，两个娃养育到成年可以解锁电脑游戏安装权限，生育三个娃并养育到成年可以解锁智能手机等等，人口再度飙升也不是不可能！,总结：人的时间、精力都是有限的，在最该成家立业和养育下一代的时候，被花花世界迷了心智夺取了过多的时间精力，自然就有大批想单身躺平的",湖北,0,5,592109599,219841460368
王公子爱吕姑娘,保密,2024-05-03 12:40:05 北京时间,7,当环境趋近于恶劣，物种便会停止繁衍。这是地球上所有生命体共有的生物学本能。,安徽,0,6,49298763,219724508912
唯你柠檬茶爽过那啥,男,2024-04-19 21:18:22 北京时间,7,城镇平均养育儿童支出为3w/年=3K/月，相当于三四线城市挣3.4K工资的普通人基本不用考虑生儿育女，如果你是这样的人，家庭经济一般的情况下，生儿育乐会导致你的可支配收入和家庭财富积累速度大幅下降，简单来说，不管短期还是长期来看，对生活水平的影响都是极大的,广西,16,5,22507283,217657611360
1hello1234567,保密,2024-04-19 11:15:29 北京时间,7,中国小农经济早在人民公社建立后就被消灭了，不是在改革开放后。,上海,2,3,25342739,217594547760
胡胖胖的故事,男,2024-04-19 01:58:40 北京时间,7,都说刚毕业到30岁是黄金年龄，是因为他们上不用养老，下可能也不用养小，一般不会有大病支出，他们唯一需要的就是努力赚钱买房、攒彩礼，但这个年龄又是老板压榨最狠的年纪，说句不好听的，能在30岁以后不因为亚健康影响工作就可以烧高香了。,广东,0,4,516916588,217525184384
深空探索Pro,保密,2024-04-18 03:31:41 北京时间,7,大学生出来没工作，咋整？辛辛苦苦求学十几年图的啥，不就是为劳动尊严，生出来干啥？,江苏,1,4,1925597050,217389970832
kkkk二游子,男,2024-04-18 04:38:48 北京时间,17,一点影响没有，等人口少到一定数量生态环境好了自然就解决了,云南,0,5,328272006,217399287936
随便叫SM吧,保密,2024-04-18 06:11:43 北京时间,9,什么叫底层拒绝生育，明显是中产拒绝生育，而且是喜欢享受生活的单身人士，真正的底层都是比较传统的，大都要生儿育女。,上海,4,5,368888361,217411135472
炼心-,保密,2024-06-08 14:47:39 北京时间,6,强人工智能出现。人类就真正末日了,安徽,0,6,102285758,225355716128
wolfseyes,保密,2024-06-07 04:08:33 北京时间,6,分析的很精辟！！部分年轻人醒悟了思想转换了，更多的是老年人还有些农村的受教育程度低的人思想保守！,山西,0,5,93811909,225092284880
急泥胎咩,保密,2024-05-14 09:07:46 北京时间,6,出生人口还有这么多啊，我觉得90后还是强[doge],重庆,1,6,389332932,221410716864
夜夜落长安,女,2024-05-03 21:23:32 北京时间,6,以现在的数据来看，8亿附近才是一个健康的人口数量。大多数国家发展都经历过人口膨胀-经济泡沫-高压内卷-生育率降低-老龄化这个过程，但是目前世界上还没出现一个非常漂亮的解决方案。,英国,1,6,1585520,219779617232
善战无前如燎原,男,2024-04-22 01:31:41 北京时间,6,其实工作不好找现在已经和人口多没关系了，因为它们把一个劳动力当七八个来使当然没有工作岗位，当然失业率高导致的必然条件肯定是人口下滑[OK],湖北,0,5,633821259,217981230384
凌奕清风,男,2024-04-21 02:12:45 北京时间,6,说白了，就是人太多了，人少你看工资加不加,广东,2,5,608964770,217831677952
芙卡洛斯-Justice,保密,2024-04-20 05:34:10 北京时间,6,养儿能不能防老，做儿子20年了我能不知道嘛[doge],广东,0,6,478107392,217702149760
特别喜欢一句话,保密,2024-04-19 11:04:49 北京时间,10,别瞎扯了，中国出生人口下降只会让人均资源上升，让人民生活水平增高。2024年第一季度中国GDP增长5.3％，经济持续高速增长。,上海,0,5,1319352065,217593048256
听风挽笑22,保密,2024-04-18 04:39:19 北京时间,6,人少了 人均GDP不就上来了吗[doge][doge],广东,0,6,56826964,217399396080
左基右腐,保密,2024-04-24 01:42:16 北京时间,8,看弹幕就很有意思，刚吃饱饭不足两代人，吃好饭也就一代人，很多人就开始和近代史做切割了，好像没有新中国他们也能锦衣玉食似的…我是山河四省的90后，刚记事那会记得是一日两餐，到小学才普及的一日三餐,河南,2,6,36991968,218270334272
bili_34833339857,男,2024-04-20 15:56:10 北京时间,7,T0太多了，孔老夫子还是可以用的[妙啊],江西,0,5,1254711574,217791390576
゚゚゚゚゚゙゚゚,男,2024-06-12 02:08:57 北京时间,5,你知我知天知地知,广东,0,6,247128167,225904392608
途云海,男,2024-06-11 10:08:55 北京时间,5,"上班:没时间谈,不上班:没钱谈",广东,0,6,182909052,225808150576
当韧,保密,2024-05-28 01:07:19 北京时间,5,有车的人很多，但是车位很少,湖南,0,6,92564628,223534966288
MK47-M1117,保密,2024-05-13 00:55:49 北京时间,5,归根结底的原因，是我们的物质基础依旧不够足够丰富，人口和就业的矛盾依旧尖锐，民众的生存压力依旧艰巨，现在谈什么成功还为时过早，革命尚未成功，诸君仍需努力。,江苏,1,5,369379068,221194266288
你的初吻对象不是jojo,保密,2024-05-12 17:12:46 北京时间,5,正是因为看清了自己，无法给父母带来幸福，也无法给下一代带来幸福，所以才决定不生。如果你是有一点良心的人，看着自己父母含辛茹苦养育自己，长大后却无法让父母享清福甚至要啃老，是否有那么一刻觉得自己不应该出生在这个世上？尽管你的出生并不是由你决定，父母也没有给到自己最优质的生活与教育，但自己是否又有那么一个深夜在想，自己是那么无力，明明已经倾尽全力却无法往阶梯上再迈进一步。经历过生活的苦，品尝过精神的痛，即便如此你也要生下一个孩子，让其跟你承受一样的痛苦吗？,广东,0,6,196301765,221171483008
熵减系统,保密,2024-05-10 11:14:26 北京时间,5,现在有网络了，一个人也能解决社交需求，再买个杯子解决生理需求，人类本能那一套也不好使了,浙江,1,5,432315646,220782771120
橙橙橙橙橙橙子呢,男,2024-05-03 08:32:50 北京时间,5,0氪玩家安份点屯屯资源自己用用就够了,浙江,0,6,110667032,219686584928
闫氏,男,2024-04-29 14:49:11 北京时间,5,"老子一天tm在厂里干12-14甚至16小时，我谈恋爱？我结婚生孩子？没在厂里猝死就很不错了，请假条一天才批到下午5点半，但是实际上都是10点到11点下班,赶紧回去睡觉然后第二天七点爬起来上班，日复一日，工作时收手机，禁止交谈，回家种地更是不可能，一年到头不如工厂两个月多，攒钱干什么，还不是买车买房，当然我也不打算买房，顶多买车，这一个目标够我十年了，工资4000-5000一个月，我一个月攒不到3000。,在河南除了酒店每天八小时一个月2800没听过八小时的工作（不排除信息差）自由但是只能保证最低限度的吃饭，谈恋爱不给对象花钱那就约等于没谈，谈恋爱的基础是有足够的时间陪伴，有固定的工资，两情相悦，在这基础上才能结婚生育，穷苦人连这个都不配",河南,1,5,533692539,219121555968
读仅,男,2024-04-20 09:30:24 北京时间,9,现在还考虑结婚生孩子的有一个算一个都是脑子有问题,广东,3,6,1724761,217731054736
Dcorax,保密,2024-04-19 17:52:42 北京时间,5,挺好的你自己攒钱过好自己享受一生就好了生孩子这种现在普通人真不适合，除非是那种什么都不想就纯为了生而生的,山西,0,6,380473107,217650049584
ネリオ,保密,2024-04-19 10:56:50 北京时间,5,环境不适合繁衍，动物们会迁移到适合的地方，找不到适合的地方或者无法迁移就会停止繁衍,日本,5,5,62099,217591657248
another56,保密,2024-04-18 17:44:29 北京时间,5,一个月两千几养活自己都难[呲牙],江西,0,6,390375218,217501325472
默数年华,保密,2024-04-18 15:05:59 北京时间,5,"其实人自始至终都是个人利益为第一的生物,为什么英雄伟大 因为能做到的人太少 ,现在很多所谓的亲戚为什么感觉越来越疏远,最主要原因还真就是这社会不需要抱团就能存活的更自在,人性真就是最经不起考验的 ,最近考虑一个问题 如果犯罪的成本降低 收益变大 那么这世界会变成啥样呢",湖南,1,6,289456,217482451056
冒险国宝,保密,2024-04-18 04:59:39 北京时间,5,虽然看到了更多社会的真相，也更焦虑了。,湖北,0,6,26136804,217402402816
麦奎已经累了,男,2024-04-18 04:34:23 北京时间,5,这逻辑有问题，就好比鸡生蛋，蛋又孵鸡，鸡又生蛋那种，实际上有这么简单吗,江苏,0,5,481472869,217398558416
博格强尼,男,2024-06-02 13:42:28 北京时间,13,等世界只有俄罗斯 中国 朝鲜 阿富汗 伊朗 也门 黎巴嫩 巴勒斯坦 委内瑞拉 等这些国家  敌人都被彻底消灭了 世界美好了😁   那时生孩子的也许就多了？,四川,4,4,347150580,224403870512
来自M48星系的我,保密,2024-05-04 13:26:30 北京时间,10,"对于生育率下降，我给出的答案是：婚姻对女性要求过低，导致女性不思进取；婚姻法过度保护女性权益，导致男性权益丧失；基于社会现状，男性开始觉醒。,,受传统因素影响，社会默认女性会履行繁衍义务，于是主动调低了女性的社会贡献基准线——不要求女方有多少经济贡献或是承担多少社会责任，只要她愿意生育，那就可以享受安定的生活。而生育这个东西，在更年期之前都会保留。没有相关法律约束，女性在更年期前，都可以说自己“愿意生育，只是现在不愿意”。,,但，相关的低社会贡献，低经济门槛却保留了下来……只要她能养活自己，那就能够说自己是“独立女性”，从而拒绝承担额外的社会贡献——但是她们真的生了么？真的履行了生育义务么？,,并没有。,,看到女性没有履约，官方的第一想法是“给出的条件不够优厚，保障还没做到位”，于是加大力度增加女性权益，男方却没有一丝一毫的改变——哪怕已经有了婚姻关系，生育权也不做任何转移。,,但是，在生育权不做转移的前提下，“财产婚内共有，离婚酌情多分”却成为了女性在婚姻中能切实享受到的权力……就像商家既有不出货的权利，还有不经你同意就划扣你账户款项的权力——于是，离婚率上去了，结婚率下去了。,,经历了这么一波的男性也逐渐觉醒了：自己结婚图啥？图的不就是约定成俗的婚后待遇么！既然婚后待遇不受法律保护，那不结婚就是了……诶！如果自己已经设法享受到了婚后待遇……自己结婚的理由又是什么？,,于是，结婚率垮了。当婚姻制度瓦解后，女性再无法律保障，生育行为就变成了古代的样子：赌这个男人会为孩子提供经济，赌这个男人会为自己提供保障……但，有几个人敢赌的？,,于是，生育率也垮了。",湖北,0,5,168719550,219898098464
维克多华,男,2024-04-18 03:01:26 北京时间,18,差不多得了，以前人没钱也生啊，社会观念和风气变化了才这样的,青海,33,4,456332872,217386212672
关于时间,男,2024-04-24 09:04:08 北京时间,6,夹带私货，有点意思，真真假假的东西混到一块儿讲,河北,0,6,19194180,218321300864
v老麦v,男,2024-04-18 11:54:51 北京时间,6,生育率下降和老龄化确实是不可阻挡的趋势，但是，计划生育加快了老龄化到来的速度，加剧了老龄化的程度。所以从单个政策层面来讲，计划生育是当年最祸国殃民的政策之一。,四川,1,6,18630813,217453033872
很酷一只小熊猫,保密,2024-05-30 14:33:32 北京时间,4,河南出生69.5，按复读占一半来算，18年后高考人数和其实现在差不多，虽然一直说一点点减人口，但也就那样，基数太大，减几十年才能和美差不多,浙江,2,6,506047083,223935617600
老衲刚破戒,保密,2024-05-16 02:51:08 北京时间,4,"能够看到对社会尖锐问题进行讨论，我就感到非常的开心。于是我也静下心来思考了一番。下面是我对生育率下降问题，目前的总结。如有缺少或者错误还请指教！,1、婚姻是对性的需要（就算没有伴侣，现代的人对性的释放也有很多方式）,2、婚姻是对自身行为的一种束缚（也有很多方面会有好的获得，但现阶段的社会平均感受是：得到的苦大于乐）,3、现阶段的结婚成本远大于家庭的平均存款,4、当代让人消遣的方式更加丰富、有趣（相对于以前的社会，自己一个人也可以很快乐）,5、为什么要生孩子的原因在不断变化（现社会阶段）,6、养育孩子需要的钱远超平均收入,7、培养孩子需要巨大的时间和精力（对孩子负责人的人群），现社会阶段的平均休息时间远低于培养时间。",上海,0,5,343039986,221670567712
安德鲁的可爱空间,保密,2024-05-15 15:36:35 北京时间,4,摒弃儒家思想很重要,江苏,0,5,482694080,221624229648
PokemonRule,保密,2024-05-15 05:45:30 北京时间,4,都搁这儿看爽文儿来了[doge][doge],北京,0,6,188635142,221542778080
一枝白云枝上栖,保密,2024-05-14 12:17:48 北京时间,4,我连自己的未来都看不清，更别提我以后孩子的未来了。,江西,0,4,3493263596063116,221440256496
晒太阳真的好舒服啊,男,2024-05-13 10:20:06 北京时间,4,没钱没时间，难道要怀着孕在工位上生产吗,湖南,0,6,223404849,221263779776
林中心巷晚,保密,2024-05-13 05:36:46 北京时间,4,这不是计划生育已经成功了吗，这是大好事儿啊!,北京,0,6,12118153,221229283376
啊达成一致对外,保密,2024-05-13 03:13:23 北京时间,4,前面说的还行，后面就开始全是臆测了，日韩给补贴生育率不见提高是不假，但是你猜猜要没有补贴，那生育率恐怕就不是不见提高那么简单了吧？,辽宁,0,5,556885735,221208753280
wutianqi,保密,2024-05-12 10:36:00 北京时间,4,经济下行期什么妖魔鬼怪都冒出来了。将生育问题转变为利害关系是不可取的，你们是一个个活生生的人，不是资本异化的生产工具，孕育下一代的与否可以是任何一个原因，但是不能够片面的归咎于简单的加减法。,广东,0,6,1313083,221109492480
小木鱼SP,保密,2024-05-10 05:15:38 北京时间,4,"很简单的道理，任何生物都是在环境适宜的时候才会繁衍后代。人类个体可能会有各种各样的情况，但总体上必然是符合自然规律的。,自然环境、社会环境都是环境，生存环境也不仅仅是短期物质条件，还有稳定性、群体压力等等一系列影响因素。,有些人就是故意避而不谈实际问题，然后说些屁话转移矛盾，纯粹就是扯淡。",上海,0,6,4041996,220737064208
时之虫_,男,2024-05-04 12:22:18 北京时间,4,一天上几个小时的班？还没有双休,辽宁,1,6,21582943,219887425312
人菜嘴巴又不菜,保密,2024-05-03 02:52:52 北京时间,4,弹幕里还有很多人怪房价，本质上还是小农经济思维。对于从小发达地区长大的市区居民来说，生孩子对自己纯属负资产，我刷副本还能掉装备呢，生娃要钱要命，弄不好全是白给[doge],江苏,1,6,220287811,219640131296
堇色朦胧Panda,男,2024-04-29 14:42:19 北京时间,4,UP记得关私信，小心被阿B百万小粉红冲爆[吃瓜],四川,0,6,38560369,219120441328
子无何,男,2024-04-25 05:50:01 北京时间,4,"目前月入1w，每周995，不想生孩子[藏狐],原因很简单，一个是养孩子成本太高：一年也就攒五六万块钱，养个孩子就别想攒钱了，生活质量肯定大受影响；第二个是995的工作也没时间照顾孩子，打理好自己都费劲还想养孩子呢。,那问题来了，在私企工作普遍996，月入普遍不到5000的现实下，有多少人愿意去养这个孩子？天天就知道喊口号你替我养还是你给我分担经济压力？",浙江,0,6,175491812,218447400560
丢人女夭米青,保密,2024-04-23 03:28:27 北京时间,4,年轻人不想生孩子是年轻人的问题吗,辽宁,1,6,109468940,218135428960
二十二进棉被,男,2024-04-22 23:52:09 北京时间,4,00后表示:跳出三贷之外，不在五险之中,江苏,0,5,471947639,218115530624
不会写字的铅笔头,保密,2024-04-22 16:19:22 北京时间,4,"家里条件很一般，真的对未来没有信心，大学毕业以后累死累活一个月3000多还没社保(问就是小地方都不给交)，出去一线发现每个月恨不得还要亏钱，房租2000+自己做饭生活，已经超过我工资了，就是这么坑，毕业两年了干了好几家，目前也没遇到过会交社保的单位,最致命的还是我父母是60年代的人我是00后，这思想差距大到我想自杀，不仅有普通父母的那些问题，甚至更厉害，还停留在棍棒屈服模式，真的特别特别痛苦，他们思想还停留在以前一分钱没有还能生你现在为什么不行，也不许我太远，重男轻女还是有，觉得女孩找个好男人嫁了就可以了，在家完全一句话都说不成，真的很窒息，现在在小县城搬出来住，平白增加我的生活成本，这日子一点盼头都没有，还生什么啊",湖北,7,6,14090674,218096219776
gamebox,保密,2024-04-21 13:30:53 北京时间,4,以前EA有个经典RTS游戏叫《野兽与乡巴佬》，里面的村民要增加人口得满足一堆条件，否则搞不好最后人口老化死光你就只能看着一个空村落自觉读档,上海,0,6,53073402,217927118064
六爻新宠,女,2024-04-21 12:46:18 北京时间,4,太卷了，我不生了，中国卷的我太痛苦了,河北,1,6,22169504,217920525664
将心化作一片空白,保密,2024-04-21 09:02:40 北京时间,4,主要是单身巨爽，收支自由，父母压力也小，唯独无后，至于孤独，纯属扯淡，孤独个毛线,黑龙江,0,6,359372,217887909872
送终機,保密,2024-04-21 08:22:00 北京时间,4,如果生孩子是社会的责任，请社会履行抚养义务。如果生孩子是个人的责任，请社会尊重个人的选择。句句不谈薪资，条条不离奉献，桩桩不谈好事，事事皆讲境界。如果个体的困顿和集体无关，那么集体的荣辱又和个体有什么关系呢？ ,山东,1,5,623635311,217882475408
这不是狐闹吗_,保密,2024-04-21 07:45:56 北京时间,4,视频说了点实话 把一些思想已经固化的可怜老鬼弄破防了  哈哈,广东,0,5,349192108,217877741776
Roselia_Yukina,男,2024-04-21 06:42:43 北京时间,4,n.小楚：学生时代被逼只允许读书，社交能力为零，毕业后没找到工作，在家蹲着刷手机打游戏,广东,0,5,1699784796,217869758000
肘你3000遍,保密,2024-04-19 19:19:47 北京时间,4,工薪阶层的人自己一个人活好就够了，我一想到结婚需要彩礼，车贷房贷，光想想都焦虑。,广东,0,6,1972610,217654561440
焰月冥,保密,2024-04-19 18:19:57 北京时间,4,我自己什么样子我不知道[吃瓜]养个崽要花多少力气自己心里最清楚了。,江西,0,6,269527396,217651846944
我是拜月,保密,2024-04-19 17:41:42 北京时间,4,看看数据明显发现，富裕地方的出生率都高。非要说贵州的话，那里也有资源倾斜。,山西,1,5,30172528,217649282960
蓝色笨蛋琪露诺,保密,2024-04-19 15:26:40 北京时间,4,毕生奋斗甚至成不了帕鲁 神不神奇 意不意外[吃瓜],湖北,2,4,1788777360,217633330016
北辰绯杓,保密,2024-04-19 14:22:26 北京时间,4,身边一堆没有房子没资格谈恋爱的男士，和一堆打算找有一线房子的优质剩女,河北,0,5,1377975072,217623094272
__晓月.ッ秋楓,男,2024-04-19 12:10:40 北京时间,4,你这视角我之前就有这个观点但是没你讲的这么透彻  6 啊,重庆,5,6,642120,217603007184
kj-2020,保密,2024-04-19 02:46:31 北京时间,4,以前谁平分家产？我爷爷说过太爷爷有4兄弟但是独占家产的就是我们家，其他叔祖都要出去自谋生路。,广西,5,4,470780186,217530311504
桥南风雨,男,2024-04-19 01:12:54 北京时间,5,还用问？肯定是美国干的。别问我为什么，反正就是美国干的。,河北,0,6,92314063,217520657696
艾尔海猫,男,2024-04-19 01:03:15 北京时间,4,讲个有意思的现象，这个现象在四川很常见，四川的其他城市，例如绵阳，自贡，达州，盐亭等等，这些城市70%以上的年轻人和高学历人才，全部集中在成都或者外省，四川的二三线城市基本都是中老年人，年轻人非常少。,四川,5,5,221164503,217519787136
卑鄙的外乡人-_-,保密,2024-04-19 00:21:43 北京时间,5,我怕这视频啪的一下就没了[脱单doge][doge][妙啊][歪嘴][滑稽],四川,0,6,75101241,217516303120
点亮慵倦的夜,保密,2024-04-18 05:50:47 北京时间,4,农村不让盖房子了，全赶上城里了，你想留没有房地你能去哪里？要不是没地方去谁愿意挤进城市，待在乡下生活轻松惬意，没有那么多杂质，也没有那么多纷扰。,广西,4,5,70429987,217408802928
羽落风眠,男,2024-04-18 04:36:23 北京时间,4,是不想生还是没法生？挣这么点b钱只要买房连穿衣吃饭都费劲，难道我让我孩子来就为了让他走我的老路？谁有能力谁生不就好了。,河北,0,6,65275496,217398910480
负债几亿比非洲人还穷,男,2024-04-18 04:01:18 北京时间,4,我已经被害得生无可恋了还生孩子,湖北,0,5,1222579881,217393585552
打外星人的密苏里号,保密,2024-04-18 02:41:16 北京时间,4,评论发出来就没了……,广东,1,6,22581202,217384074416
请管好我的小白羊,男,2024-04-23 00:49:51 北京时间,10,一直有个想问的。现在人口那么多，少点人不好嘛？我记得刚建国的时候也就5-6亿人，现在不都13亿人了。人这么多各个方面都竞争得厉害,美国,8,5,403354902,218119596656
摸小脸,保密,2024-04-23 13:18:23 北京时间,6,根本没有讲到核心问题。生育降低核心还是生产资料转移了被集中了，大部分劳动人群没有获得生产力提高带来的收益。走资走社也早就讨论过了的，就是劳动剩余被谁拿走的问题。我们现在只是现在生产力还不够高，拿现在国内发达地区和欠发达地区一对比就清晰了，体制说明了体制没有问题，问题还是出在我们还需要努力往前冲一波，冲上去了成果是能够覆盖全体的。,云南,1,4,294910793,218212112976
夜月思流年,男,2024-04-20 12:20:29 北京时间,6,挺不能理解现在很多人的想法的，生育是自己的事，没必要各种喷，而且但凡学过经济的都知道人口是根本，人口下降最后苦的还是普通人，（这都是我的理解，如果要反驳那你的观点都是正确的）,新疆,2,5,411366468,217756783680
高老稀,保密,2024-05-31 13:23:58 北京时间,7,"[喜极而泣]其实我觉得大多数人不生孩子还没到up说的考虑那么多东西的地步，就是简单的生不起，甚至结婚都结不起，再甚至连恋爱都谈不起，没钱还没时间,穷就算了还忙😅，穷忙穷忙的,当然穷要是不忙可能社会就不稳定了，所以可能这也是设计好的。,我觉得也没必要想那么多，能怎么活就怎么活吧，想那么多也没用",黑龙江,0,5,628066121,224073941280
惊蛰大寒,男,2024-05-30 13:16:21 北京时间,3,简单的经济问题，成本大于收益了嘛。我们获得的不够人的再生产的成本。,河北,0,5,440086099,223923616096
叽里呱啦先生睡着了,保密,2024-05-29 16:09:53 北京时间,3,从逻辑上说有一定道理。但人是有感性呀。所以结论一定是不准确的，哈哈。,湖北,1,5,173382085,223804140976
鹅鹅鹅鹅鹅鹅嗝鹅鹅,男,2024-05-17 06:33:41 北京时间,3,生孩子目前看来是个投资回报率为负的事，爱谁干谁干，反正我不干,北京,0,5,302700504,221849520368
未见烟雨-怎悟道生,男,2024-05-16 14:39:30 北京时间,3,富裕的地方人口出生率都高，而偏僻的地方出生就低……,北京,3,5,36251090,221766148640
shuyuyu520,保密,2024-05-16 05:23:45 北京时间,3,这博主是本末倒置，把生孩子当成投资真是个人才！ 那富人为什么喜欢多生孩子，难道养育孩子比投资简单，孩子长大一定会带来更多财富？ 无数多的例子证明孩子并不能带来财富，富人难道不知道？生孩子是为了传承，也是人生必须经历的事情，更是维系夫妻恩爱的法宝。,湖南,2,4,481248001,221692049936
月轮栖身梦里,女,2024-05-16 00:59:14 北京时间,3,春运和五一的12306候补，各大热门景区的爆满，到底哪里人少了？我还嫌不够少呢，网上都说不生，现实里结婚就没有不生育的,江苏,2,6,32277200,221658741168
账号已注销,保密,2024-05-14 09:17:04 北京时间,3,谁有想让孩子重蹈覆辙呢？[妙啊],广东,0,0,397704721,221411915232
一般杂鱼,保密,2024-05-13 17:59:50 北京时间,3,别虚空索敌了，社会压力那么大，找个年轻人问问就行了。,广东,0,6,835800,221331585952
猜一个谜语,保密,2024-05-13 16:12:34 北京时间,3,越穷越能生吗？,广东,0,5,1662060066,221320827088
wlop今天更新了没,男,2024-05-13 11:17:26 北京时间,3,看完视频，感觉就是根据答案编过程，先是说过去养育成本和收益对比，论点是现在生育率下降是因为养育成本远远高于收益，但是论证过程中又说房价影响不高，因为日本无论房价高还是低，生育率一直在下降；这里up的逻辑出现了悖论，因为他放出了一张图，里面西欧国家的养育成本远远低于亚洲，但是总所周知西欧国家的生育率也是低了很多年了；所以按照up前面日本房价与生育率无关的逻辑，那这是否也能说明生育成本与生育率无关了？尤其最后说养育的好处远远高于坏处，但前面刚说韩国的生育政策好，生育率依然没有起色。视频像是为了醋包饺子，但是做出来了碗饺子面皮汤，只好把醋倒汤里再说了。,湖北,0,6,25242923,221272804448
权与力zzz,男,2024-05-13 10:41:15 北京时间,3,说一句00后现在最大的已经24喽。,湖北,0,5,538718548,221267066592
魔王-梦魇,男,2024-05-13 06:33:19 北京时间,3,这么多人，劳动力越来越廉价，生产需求也越来越多，人多不一定是好事，一辈子打工还房贷车贷，各种费用物价上涨，等存到钱了青春也早消失了,浙江,0,6,403150853,221235656912
姜夔官方账号,男,2024-05-12 12:56:40 北京时间,3,回答弹幕一个觉得up是主观臆想的网友：封建社会推孝道是为了稳固经济社会基础，但不代表孝不存在。至于生育问题，我自己都觉得已经拖爸妈后腿了，自己活着也是为了以后照顾年老后的父母。自己已经受罪了，如果娶妻生子那岂不是让老婆孩子和自己受更多罪?为了自己轻松点，为了只让自己受罪，单身一辈子挺好,吉林,0,5,430186075,221130850336
LinkGGm,保密,2024-05-12 07:19:45 北京时间,3,因为一些原因把生意转让掉了  想着找份工作搞搞，江苏这边大部分都是8小时单休4500左右  想拿个6000+就是12小时2班倒 虽然付出了这么多时间但这点工资真的要养活一家三口真的是要节省着来 大部分人努力付出了一辈子也就解决了温饱，没什么娱乐，没什么兴趣爱好，浑浑噩噩的一生就这么过完了，现在想得开的年轻人特别多，生育的成本太高，难免就有人躺平了，反正一句话 工时提高，把劳动法好好实行就他妈行了，一堆专家在那研究来研究去，一天到晚放狗屁，这些人拖累了老百姓一辈子,江苏,0,6,83552085,221080926112
熵减系统,保密,2024-05-10 11:31:59 北京时间,3,"我还没毕业，我妈就急着催婚了，每次回家都催我赶紧找女朋友，还给我推荐相亲对象，天天教育我以后一定要生一儿一女,老一辈的生育热情真是令人费解",浙江,1,5,432315646,220785442880
花间月0139,男,2024-05-08 00:55:43 北京时间,3,随便了，对妹子都没兴趣了，自己过挺好,贵州,0,6,507513390,220407726784
黄晃,保密,2024-05-04 08:52:17 北京时间,3,14年工资5000 ，24年工资5000,四川,0,4,17525443,219853877936
Silvery丶Light,保密,2024-05-04 08:28:21 北京时间,3,我有个学生，他父亲给他六年花了50多万培养足球，身边玩的人都是特长生不学习不着调，结果高考文化课没过，去了个职业学院，大二就把一个姑娘肚子弄大了，女方家长去学校闹事最后把他开除了，现在在朋友饭店烤串，现在培养孩子真的是亏本买卖，不可控因素太多了。,山东,1,5,211450823,219850602096
bili_77249326952,保密,2024-05-03 06:30:43 北京时间,3,穷人是最直接的消费端。穷人越少钱越不值钱。,四川,1,4,1712869568,219671028800
风中落叶终离去,保密,2024-04-30 21:44:20 北京时间,3,不结婚除了了没人收尸，其他时光开开心心,安徽,5,6,14598309,219302672304
将军街会玩的板筋,保密,2024-04-28 05:06:23 北京时间,3,以前一个人可以养4.5个孩子，现在，你能养活自己就不错了,河北,0,5,1232319840,218897216064
观今宜鉴古,男,2024-04-25 15:12:55 北京时间,3,特别讨厌人口红利的说法,马来西亚,0,5,14342806,218522162176
Iriscad,保密,2024-04-25 05:38:02 北京时间,3,地球ol√都不玩,浙江,0,6,393691635,218446068768
皮小曲,保密,2024-04-24 03:12:06 北京时间,3,90 00 这批人在工作这方面是最惨的，人多的一比，不好找工作，老了之后又没人了，养老估计都得不到保障,江苏,0,6,287950604,218279774080
你的一条小龙龙,男,2024-04-23 04:56:19 北京时间,3,没事啊，发达国家人口少，所以我们这是正在步入发达国家阶段,广东,0,5,403761688,218147724672
木已成舟5,保密,2024-04-23 04:32:38 北京时间,3,很多人意识不到，或者说知道也不会说，分配问题是最根本的问题，资本的增值远超过劳动力增值的速度，同时资本不需要费力，而劳动是我们真真切切地在出力。同时资本逃逸的能力又远超过劳动力，这导致不敢对资本征重税。但追根到底，自己攒起来的资本倒也没什么，这是劳动积攒而得，但继承法的存在就会让很多人一出生就差距过大，进而形成马太效应，类似古代的历史周期律。因此，我觉得继承的存在是分配难以合理的重要诱因，是不是根本原因我不敢说，但必然是重要因素。,福建,0,5,660463054,218144132080
烤鸭咖喱棒,保密,2024-04-23 01:20:54 北京时间,3,发展中国家太快是这样的，中高产都出国生孩子，现在在国内生孩子是对孩子不负责。。,加拿大,0,6,1892102,218122445856
Tweak_B,保密,2024-04-22 19:28:04 北京时间,3,25号宇宙，已经做出了解释,江西,1,5,200048698,218107917296
软软的毛球,保密,2024-04-22 14:08:13 北京时间,3,"嗨呀 鼓励多生是针对中产以上的优质家庭而言的 有钱有闲才能更好的养育 给予优质的教育资源,我这种拿着点小工资的底层 婚都不敢结 现在是啥魔幻的大环境啊,万一碰个骗婚 闪离的 再把父母半生打拼换来的婚房婚车分走一部分还活不活了 这些资源让养育你一生的父母享用他不香嘛,最骚的是现在官方还下场站台了可还行,所以不怪我们这代不生娃 婚都结不了 生个der,哦对 现在是黄毛版本 因为孩子非亲生不是你不付抚养费的理由 ,没有事前契约协议的话 离婚后一方收入不能维持正常水平还能起诉前任获取生活费和住房(或房租),可能目前的版本答案是签署婚前协议和把财产转移给父母再找个比自己条件好的了吧,反正目前这抽象的环境 在没有抵抗风险的前提下 结婚是不可能被考虑的情况 啊 真爱除外.........吧.....",河南,3,6,138069,218076627984
水迹的洗礼,女,2024-04-22 04:45:13 北京时间,3,up主说那么多没用的，就是不敢提最根本的几点问题所在，相反还在洗地[doge],广东,0,6,30316218,218003919680
坎坏,保密,2024-04-21 11:43:27 北京时间,3,我小时候就是吃稀饭喂母乳长大的，奶粉什么的想都不要想,四川,4,5,450464518,217911396752
井村无故事,保密,2024-04-21 06:15:15 北京时间,3,啥也不说了，让惊涛骇浪来的更猛烈些吧,上海,0,6,65430384,217866353152
nice大夫再救一个,保密,2024-04-20 22:40:48 北京时间,3,"我还有个弟弟，传宗接代交给他了，我就负责给爸妈养老得了。不想跟我爸妈似的天天吵架,没必要花钱找罪受",内蒙古,0,6,19120524,217815240400
尋找䥸䝟的龘䶛䨻䎱,保密,2024-04-20 11:40:59 北京时间,3,你瞅瞅你说的这叫什么话。我们是不生吗？我们说不生了吗？净搁这儿胡编乱造。我们那明明叫“调生”[doge],吉林,0,6,8706485,217750740544
萧唐初,男,2024-04-20 10:02:38 北京时间,3,只能说关我卵事，只希望社会尽量稳定不影响正常生活，然后活好自己,重庆,0,6,510034405,217735648400
东方君宝,保密,2024-04-20 08:02:44 北京时间,3,有人说什么机器坏了是要修的，问题是机器关了可以看作是无消耗，一台机器关1个月和1个人无工作1个月是同一回事吗，机器甚至可以报废卖铁，人可以报废直接火化吗。,江苏,2,5,592294234,217719792336
冰镇兔子2021,保密,2024-04-20 03:13:09 北京时间,3,没这么多原因就是算账不划算。现在去养个个孩子供到大学，大概率也只能做个拿万八千的，扣掉房租生活消费，根本指望不了孝敬父母。这还是大城市。,浙江,3,6,6336621,217682635056
小色无敌,保密,2024-04-19 18:24:16 北京时间,3,我就是八零后，这说的不就是我么[笑哭],新疆,0,5,277804469,217652030864
lorryfeng,保密,2024-04-19 16:59:02 北京时间,3,20后估计只有1亿人了...到时候真的是14亿人，有4亿是退休老人...3亿未成年人，7亿成年人，实际参加劳动只有6亿人...  工资1万，要缴纳社保5000的...,广东,0,6,360463737,217645439680
杨杨808,保密,2024-04-19 15:44:49 北京时间,3,有那么大的人口缺口，为啥还是那么多人找不到工作呢，不太理解,重庆,2,6,28573708,217636131664
hhh哈哈new,保密,2024-04-19 14:57:03 北京时间,3,我想结婚，但是现在的女生吧。。。都像小公主，没有人能有蕾姆那种温柔的感觉。根本不想恋爱。没有喜欢的，结什么婚。,福建,0,3,3546610606803650,217628746288
小花间游游游,保密,2024-04-19 14:10:39 北京时间,3,我这个ip的人是真的拖后腿喜欢生，随便举例一个亲戚家四个小孩生了七个孙，无语，越落后越喜欢生,贵州,0,5,476938988,217621310208
猪七七2018,保密,2024-04-19 13:52:11 北京时间,3,水总是向阻力最小的方向流淌，人其实也一样。,上海,1,5,360730098,217618232656
天行者寒冰雪,男,2024-04-19 13:13:32 北京时间,3,人口 不肯能无限增长，老龄化 是必然要面对的问题[doge],浙江,0,5,380527349,217612290176
霍恩拉姆,男,2024-04-19 10:58:30 北京时间,3,自己都那么遭罪 为什么要生个儿女出来和自己一样受罪,广东,0,6,26743709,217591980384
盗贼猫咪mk2,保密,2024-04-19 03:58:40 北京时间,3,双休和底薪都不能保证，保证生育？,江苏,0,6,13341271,217538982384
快去看漫画,保密,2024-04-19 01:18:55 北京时间,3,狠狠地赞了[笑哭][笑哭][笑哭]。这个道理我也跟身边的人说过，但是他们发自内心的抗拒这种观点。当然up比我说的更清晰简洁,河北,0,5,25747423,217521245408
CheemsBurgerrrr,男,2024-04-18 19:26:01 北京时间,3,车、房、教育、医疗，这四样绝对是绝大多数家庭开销最大的四样，但是这四样说白了，只是现代社会作为一个人最基本的四样（有安身之所、出行不受阻、能初步了解世界并有一技之长、有一个好身体），普通人真正花在享受上的钱其实又有多少呢？等于说累死累活大半生只是为了基本生存做保障，还不一定能达成这一点，那为什么在自己都没达成目标的情况下，再生孩子，多给自己加一份负担呢？并且很大可能还要看着自己的孩子也过这种日子。所以说为什么要从物质和精神方面双重折磨自己？有这受虐倾向，不如闲了多抽自己几巴掌[OK],四川,0,5,501752053,217506119104
我想去个地方J,保密,2024-04-18 13:54:06 北京时间,3,b站小孩少听这些up分析，中国的体量最差按照日本那样失落三十年甚至五十年都活得好好的，想生就生不想生就不生,广西,0,5,486957448,217470986016
喝椰子的魔理沙,女,2024-04-18 13:17:34 北京时间,3,老玩家拉新人入坑不没福利，还直接给老玩家加个debuff[龙年],河南,0,6,374769232,217465275632
离别只今年,保密,2024-04-18 08:11:59 北京时间,3,哈哈哈，说得挺有道理，笑死我了！,辽宁,0,5,105390960,217423398704
飝的人,保密,2024-04-18 05:33:50 北京时间,3,天性不是吃饭睡觉吗？,山东,0,5,689654429,217406838832
蘇小三,男,2024-04-18 04:20:26 北京时间,3,我还在为吃饭奔波！,广东,0,6,14485608,217396450240
账号已注销,保密,2024-04-18 02:57:14 北京时间,3,穷人绝了再过几十年不就都是富人了[星星眼],辽宁,3,0,5026723,217385817856
啥都说不出,保密,2024-04-18 02:28:17 北京时间,8,你年轻不生，老了没人管你，都知道你是孤老，周围人都会欺负你。还有。祖祖辈辈都是父压榨孩子，你不生俩，你不就吃亏了？,山东,22,5,497667641,217382764576
O纵横O,保密,2024-04-20 11:45:31 北京时间,5,最好的方法是：不干涉生育率，靠自然选择，不接受不孕主义的人的才会有后代，接受不孕主义的人过几代就会绝种，韩国人口基数少，可能遭不住这个自然选择，但是在某个国是完全可以的。其次，将生儿育女完全看做是经济行为是完全片面且错误的，我敢说绝大多数家庭，生儿育女都不是为了回报。。,江苏,4,4,1687189241,217751474976
天漠之峡,保密,2024-05-16 05:31:19 北京时间,4,视频忽视了两点，一是人有感情，养儿就是能防老：即使没有思想束缚，当一个曾经不遗余力帮助自己的人逐渐无力，我也会一定程度伸出援手。二是人就是需要子女养老：一个老人或者两个老人，自己都顾不过来，更不可能互相照顾，指望养老院？还是年纪大了直接死？还是拿钱找一个时刻准备毒死自己的小年轻？当然这两点只针对正常思想的人，卖女儿换嫁妆一类的父母，和瘫死在家里啃老的孩子不谈。综上，养儿能防老，防老需要养儿，所以养儿是防老的充要条件。只是现在年轻人没考虑那么远。,上海,1,5,14440147,221693086480
华山派掌门雷不群,保密,2024-05-13 03:01:17 北京时间,4,批判小农思想本身就是偏颇的，西方发达国家小农思想更严重，小农思想的核心是阶级固化，一辈子就干父亲干的活，小富即安。把小农思想当原罪，你西方芭比不得跳起来打你，人家高大上的inner peace在你嘴里成了什么玩意？,广东,0,5,173915009,221207247664
夏夜青岚,保密,2024-05-10 09:41:50 北京时间,4,可能我物质条件还可以，但也觉得一个小孩还是要生的，所以我生了个女儿，有些脑*会说将来你女儿嫁人后你的财产都改姓了，笑话，我女婿还能继承我的财产？我早花干净了[doge][doge][doge]个人家中4个人只有我老婆带小孩，老一辈的带小孩也没耐心只会大道理说应该父母带，然而我也没耐心带小孩，以前别人劝二胎还不好意思多反驳怕得罪人家，烦不胜烦后我都说生二胎可以，谁劝的谁来帮我带到18岁，中间产生的费用我出。到现在不想忍了，我都是问TA你怎么不早点死？》,江苏,1,5,349791413,220768679072
夕夕沥沥,保密,2024-05-10 01:03:01 北京时间,4,婚都没人结，还哪有孩子，彩礼高，最近老是刷到骗婚骗彩礼的视频，就算要回来她也会吃掉你30%以上的彩礼，你如果不是和对方相处个几年，谁给你勇气去结婚的[嗑瓜子],广东,0,5,646603639,220705100256
千克蘑菇,男,2024-04-20 12:20:25 北京时间,4,全世界每年那么多人，花那么多钱养宠物，是出于什么投资回报的考量吗？[呲牙],江苏,5,6,125366714,217756817184
不知名的某科学狗子,男,2024-04-19 13:44:38 北京时间,4,我说一句，龙年小高峰[doge],广东,1,6,249049046,217617249312
坂道の詩,保密,2024-04-18 23:25:24 北京时间,3,Big胆[吃瓜],黑龙江,0,6,21969926,217512662160
乐色大会员,男,2024-04-18 04:28:23 北京时间,7,如果我大学毕业能包分配，我会不结婚生孩子？,山西,9,6,22378861,217397694432
司徒倾安,保密,2024-04-20 20:22:55 北京时间,5,我有一个观点即鼓励富人多生孩子，穷人最好不要生孩子。因为富人的孩子一出生就在罗马，穷人的孩子大多数成为牛马。穷人不生孩子可以更好的生活，富人多生孩子因为继承问题会导致自身财产的不断分割，并且在穷人阶层的不断减少下会逐渐变为新的贫困阶层。就像推恩令一样，富人阶层在增多的同时在减少，穷人阶层在减少的同时在增多。,辽宁,0,5,137071613,217811843888
紫电改四,保密,2024-05-05 18:10:20 北京时间,1,共产主义abc,四川,0,6,3932437,220102054144
峰山科乃,保密,2024-04-24 15:18:52 北京时间,1,看看推的新闻,湖南,0,6,47086993,218377192464
王羲之,保密,2024-04-23 13:36:42 北京时间,1,这个我熟,江苏,0,6,114824,218214906464
胡非聪,保密,2024-05-27 06:06:11 北京时间,2,都在说没什么钱，就算有钱，愿意降低自己的生活质量，去过上一去无法回头，回报还不稳定的生活的人也越来越少了,湖南,0,6,348813489,223422125616
回家与出发的路上,男,2024-05-26 11:55:04 北京时间,2,就算按照现有的出生人口不变，30年后就是1个年轻人3个老人了。关键出生人口未来三年还会继续降[笑哭],湖南,0,5,1428238279,223315247152
XSXS_XD,保密,2024-05-26 03:34:11 北京时间,2,也许你觉得自己是个例，孩子为爱而生为责任而生，但你不能否认除你以外的绝大多数人会惯性思考孩子带给自己的长线利益，而爱和亲情会给利益悄悄让步,浙江,0,5,446107661,223242431344
星一愿,保密,2024-05-23 14:23:57 北京时间,2,有人说过，因为人类组建会之前都是为了自己的利益不择手段，只是缺乏安全和稳定，为了最大化自己的利益牺牲掉一些大家都愿意牺牲的权益才组建了社会，所以从根本上来说没有人愿意自己的利益被人被社会损害。,安徽,0,4,3537122818525865,222848566320
一段情一段清,保密,2024-05-23 03:17:18 北京时间,2,我们海南澄迈农村彩礼平常不会超5万，都是18888-28888-38888，有钱人除外,海南,0,4,2026384348,222759696544
在下很幽默,男,2024-05-19 04:44:37 北京时间,2,看来现在真的不能怪年轻人不生小孩啊,江苏,0,4,480097952,222160615920
现实就是神作,保密,2024-05-18 09:07:24 北京时间,2,过去独生子女，一对夫妻基本没有养老压力，因为老人有多个子女，等于一对夫妻只要养1.5口人，现在两个子女，一对夫妻要养6口人，关键工资还不涨,湖南,2,6,177141605,222029721936
至死不渝的执着,保密,2024-05-16 00:39:36 北京时间,2,感觉中间一段就是自己的臆想,陕西,0,6,154129087,221656959104
bili_86321398119,保密,2024-05-14 07:41:02 北京时间,2,家长活的不容易，孩子都看在眼里，所以孩子们不结婚或是结婚后不要孩子。,天津,0,4,1972817718,221400576288
吼吼-骑摩托去咯,男,2024-05-13 15:53:45 北京时间,2,穷加上男多女少，我不啃老能养活的起自己就不错了,湖南,0,5,471750666,221318024784
白嫖道祖师,男,2024-05-13 12:37:25 北京时间,2,现在的生育主力主要是90后，但是90后受到计划生育影响，在中国的年龄结构里面占比较少，而他们的50、60后的爷爷辈又是处于人口大爆炸的那个时代，所以数据反映的并不全是年轻人不生的问题，但这也表明一个趋势，等到90后老去的时候，数据就好看了[滑稽],山西,0,6,67981681,221285106352
xl308322,保密,2024-05-13 03:45:00 北京时间,2,一个时代一个政策，一个时代一批人，下一批人什么想法现在人又怎么知道？就像清末期中国人也没想到现在的后代是这样，活在当下，不负此生就好。,辽宁,0,5,1221509518,221212802528
艾古吃吃Official,男,2024-05-12 15:56:38 北京时间,2,完全能被父母遥控的人确实可怜又可笑,四川,0,6,30722244,221161233408
MjckyXja,保密,2024-05-12 11:43:48 北京时间,2,所有人口大幅下降的省份都是出名的经济不发达+没有国家大力支持的省份。他们不生可太对了。穷乡僻壤，又得不到像西部地区那样的支持力度，那里的人老百姓仿佛被抛弃一样，脑子正常的人都会想要离开那里。直到留下来的人足够少，竞争压力越来越小直到有足够的机会让人可以发展下去，否则这几个省份的人还要一股劲的外流。,浙江,0,5,7848037,221119804128
六学居士,男,2024-05-12 07:16:27 北京时间,2,趋利避害人之常情，却归位自私自利不懂奉献呵呵。。,湖北,0,5,390750987,221080451056
樱落梨衣,保密,2024-05-12 05:47:46 北京时间,2,讲家庭的部分不敢苟同，家庭的概念被解构并打碎之后日子只会更苦，无论老少。,河北,0,6,10954993,221068153616
恶臭手配,男,2024-05-12 05:22:52 北京时间,2,我支持儒家是因为我是贵族我要约束你，你支持儒家是因为你没脑子[笑哭],四川,0,6,15759750,221064479600
来份土豆烧牛肉,男,2024-05-11 20:03:24 北京时间,2,新疆人口正增长是最幽默的，大街上都没几个人，我的初高中同学，毕业搁这边发展的一只手都数的过来,新疆,1,6,14798913,221013715584
U2,保密,2024-05-10 18:33:55 北京时间,2,"引用名言——懒惰是人类进步的阶梯。趋利避害亦如是。,张口就试图让你吃苦的，都是一开始就试图站在道德的高点去批评你的，他的话参考价值极低。这年头为什么这么多人喜欢喝鸡汤？因为鸡汤至少出发点是良善的，并没想害你。而真正关心在乎你的人，根本不会只动动嘴皮子",辽宁,0,6,10617,220845800048
丿Hey丶Boy,男,2024-05-10 14:01:22 北京时间,2,挺好笑的，现在风气可是一切向钱看，那赔钱的买卖有人想做吗？ 至于赔钱的买卖是啥，呵呵,福建,0,6,50685100,220809080560
ray87s,保密,2024-05-10 13:01:54 北京时间,2,不要只看出生率跟死亡率，要知道现在死亡的那批人都是什么年代的，那年代一生就6-7个，现在生2个算平常，1个或者晚生的也很多，这样一对比就很明显了，等人口稳定下来大概就6亿以下，这才是真实情况，而不是现在的人不想生或者生育率低的问题，最根本上的问题是生得太少了，要想涨起来先让大多数人都生6个,广东,1,3,1949738975,220798999232
兹拉啦,男,2024-05-10 06:52:32 北京时间,2,大学不免费是因为发展全靠优秀科学家，而这群人成长都不需要大学或者一路轻松拿奖学金甚至特例吃住跟学费全免？而且社会也不需要太多中层精英所以用学费拦一部分人？,广西,0,5,450477509,220748414272
EVA_Mark_十三,男,2024-05-10 06:48:47 北京时间,2,不知道，但是自己知道自己什么德行，还是不要霍霍人的好[脱单doge],广东,0,5,695325106,220747995600
刑狱魔铠,保密,2024-05-10 04:05:31 北京时间,2,"老牛干了一辈子也不会觉得干活有啥不对，以前人知识储备不高自然也如井底之蛙一般不知进取不思改变。,如果给老牛人的思维，那它还愿意这样一辈子勤勤恳恳任劳任怨吗？,同理，让我们开阔了视野却还要我们过以前的生活，何其残忍。",浙江,0,5,358748723,220726129744
沈阳好果汁无限公司,男,2024-05-10 02:15:27 北京时间,2,去年我老家县城出生200个[嗑瓜子],辽宁,2,6,44006941,220712469712
注意还有另外一个小队,保密,2024-05-09 03:19:59 北京时间,2,出生率低吗？那么多出生专家呢,河南,0,6,306564290,220569375360
严肃丶,保密,2024-05-07 12:24:31 北京时间,2,我成长过程一直和老一代人一起度过的，目前未婚，不打算结了。有人愿意嫁我不愿意娶，我追求的婚姻是可以带来精神世界的满足。太穷了，婚后分局两地，老婆孩子在家，我在外打工，一年回去一两次，结婚是为了什么呢？这种日子没法过，后半辈子不是为自己而活的，为了那点自我安慰不值得,上海,1,4,3493146082151344,220345531600
悠然的石头,保密,2024-05-06 08:23:21 北京时间,2,中国父母大部分愿意帮助带娃 都这个出生率。哈哈哈,安徽,0,3,1911028926,220167216864
超大号丘丘人,男,2024-05-06 08:15:31 北京时间,2,屁股歪的我害怕，感觉能有你这些观念的人可能不太配被称为人[吃瓜],福建,3,6,3350996,220166403952
爱玩游戏的兜帽,男,2024-05-06 01:33:10 北京时间,2,死了的那一半去哪了，我身边也没见几个去世呀[思考][思考][思考],江苏,1,5,1738074313,220121196080
零落仙千寻,保密,2024-05-05 22:43:06 北京时间,2,多子多福是伪命题 卖女儿的彩礼也是民国后才出现的不正之风 你以为重男轻女是为啥,湖南,0,5,5936574,220110352768
零落仙千寻,保密,2024-05-05 22:40:09 北京时间,2,是年轻人不爱生孩子吗 是年轻人没钱啊,湖南,0,5,5936574,220110243728
轮回owo,男,2024-05-05 17:55:16 北京时间,2,"生活成本提高了，自己都特么活不起，还养个小孩？,结了婚要和父母分居吧，那你得有两套房，是有家庭有多套房，但是都是拼死拼活地贷款买来的，一个月还贷就要6k，你一家收入可能才1.2w，一家三口吃饭出行水电又最少是3k，生个病照顾个老人送个礼你还剩几个子？,再一个，彩礼40w，给的起么，给了之后一辈子忠贞不渝？劈腿了男方能得到合理的赔偿吗？不能,就该你老龄化严重，就该生育率下降",上海,0,6,13032333,220101097808
啧啧啧真昂,保密,2024-05-05 00:55:23 北京时间,2,你为什么总要假象出有个敌人是在迫害你，没有可能是每个人自己的选择。,上海,4,5,327393044,219956287712
硬币过千,男,2024-05-04 16:52:28 北京时间,2,这视频质量还要我投币阿,浙江,0,6,198313295,219931280016
Louis拾肆,保密,2024-05-03 14:59:50 北京时间,2,繁衍后代是所有生物的天性和本能，当一个物种拒绝或停止繁衍后代，那唯一的原因就是意识到本身所处的生存环境不适宜后代生存。,上海,0,5,244188888,219748284688
超人neverstop,男,2024-05-03 10:21:52 北京时间,2,太极端了,湖南,0,5,182772054,219702738784
迷路De火星人,保密,2024-05-03 01:40:02 北京时间,2,就是养孩的收益远低于成本，本质还是压力大嘛。跟高房价没区别！[吃瓜][吃瓜][吃瓜][吃瓜][吃瓜][吃瓜][吃瓜],广西,0,5,1534886914,219631587424
理塘节度使___,保密,2024-05-01 11:33:27 北京时间,2,说不定我能在有生之年看到人工子宫和社会化抚养的大规模运用？[思考],福建,0,4,359118019,219398811808
Aymoon归零,男,2024-04-29 15:04:25 北京时间,2,我先把自己养活好，然后买套房，买辆车，再存点钱防风险，再存点彩礼钱，再存点养孩子的钱，嗯，得有计划的生嘛，目前没有这种实力，只好调生调一下了，下辈子见。,北京,0,6,53366738,219123884944
你嗣真有大病啊,男,2024-04-29 09:28:57 北京时间,2,在自然界里繁衍是生物的第二目标，第一目标是活下去，当自然环境的压力过大，生物第一时间需要考虑的是怎样活下去，而不是怎样繁衍后代，即便自然界告诉你繁衍后代就能活下去，但是大部分生物基因低层DNA还是会让你选择自活而不是繁衍后代[妙啊][妙啊][妙啊],山东,0,6,475994976,219074133040
西湖边的杜十娘,保密,2024-04-29 04:27:45 北京时间,2,这是好事，恭喜。,浙江,0,5,15822030,219038913008
魔术雕,保密,2024-04-27 05:40:07 北京时间,2,笑死，不会还有人把人口红利这个词当正面词汇吧,福建,0,5,447902,218746497264
Sam_Smith,男,2024-04-26 22:24:35 北京时间,2,就没人和我一样单纯不喜欢小孩子所以不想生的吗？不是钱的问题就是纯粹嫌麻烦不想要[藏狐],浙江,0,6,96911,218699892640
风吹我已散i,保密,2024-04-26 07:26:59 北京时间,2,怎么还有这么多,江苏,0,6,174361940,218603579344
丶rmvb,男,2024-04-25 07:10:41 北京时间,2,我和我老婆是牛和马，我们跨物种无法繁衍，有生殖隔离。等下辈子托生到人身上再生，先调生下。,北京,0,6,17247550,218455945872
四菜一汤大盒饭,男,2024-04-24 16:39:41 北京时间,2,生育率下降的原因是多方面的，如果你把原因都归结于传统文化的糟粕，并用来散射攻击整个传统文化，我不得不怀疑你的成分,吉林,0,6,1619476,218388552112
无言色,保密,2024-04-24 16:32:01 北京时间,2,"中国的蔬菜水果现在还比较便宜，但是当70后之前的去世之后，如果不能实现水果蔬菜机械化，那么价格会起飞。90后之后的不会去吃那个苦。,,其实解决农村老龄化很简单，再把企业搬回农村。哪里有工作，人才会在那里定居。",山东,1,6,128024798,218387648176
舟舟1987,保密,2024-04-24 06:07:16 北京时间,2,核心还是宋明理学那一套。。。,山东,0,4,625905000,218302271312
地底的托卡马克装置,保密,2024-04-23 19:25:26 北京时间,2,"唉，寒假的时候刚刚跟家里说过现在不好就业,一开学就打电话说等我工作了要多帮帮家里,咖喱有没有米我能不知道吗，一个月八百块我是能寻思自己是富二代不成,你知道他们实际说的什么吗，我还是美化了的,我爹说你不要想着整天在家里混吃混喝，赶快给我出去挣钱去，老灯找工作的事情帮不了一点还觉得我毕业就能找到工作",湖北,0,6,190789747,218252758912
诶嘿lyb,保密,2024-04-22 22:38:56 北京时间,2,902好呀，900，没有突破800大关，2，统计学最喜欢的数据,福建,0,4,3494359940991248,218112132496
22天秤座,男,2024-04-22 11:38:03 北京时间,2,都别生！看你们以后还怎么说你不干有的是别人干[OK],福建,0,6,24716849,218054263088
箫学生1,保密,2024-04-22 09:23:35 北京时间,2,人口历史之最，完全没有可比性 ，清朝才4亿,广东,0,5,28011372,218034831984
royce_gao,男,2024-04-22 06:53:34 北京时间,2,噢，有解决办法吗？,福建,0,5,506645799,218018690064
XERA19,保密,2024-04-22 03:52:35 北京时间,2,我想永生、不想生孩，怎么办？这样也可以应聘新生儿，两难自解[脱单doge][脱单doge][脱单doge][doge][doge][doge],北京,0,6,85543213,217996229472
剑仙兔,保密,2024-04-22 03:02:42 北京时间,2,"因为没钱了呗 我媳妇俩月没发工资 我也拖欠一个月了,这一个还是前几年好一些时候生的  现在的这个经济条件  换几年前我肯定不生",黑龙江,1,5,380802279,217990530336
祈福吴彦祖,保密,2024-04-22 01:39:33 北京时间,2,很明显，仍在生娃的都是家里不缺劳动生产力的；缺的家庭一直都缺，过去缺未来也缺，既然无法摆脱困境，不如让自己过的好一些。,广东,0,4,486536006,217981814032
娄庄第一巴图鲁,男,2024-04-21 15:08:36 北京时间,2,什么叫物以稀为贵  人太多了 他就不值钱了,山东,0,5,1206758694,217942369696
良辰_lc,保密,2024-04-21 15:07:05 北京时间,2,到k值了[OK],山西,0,5,1414998980,217942268752
spegig,保密,2024-04-21 14:56:46 北京时间,2,以前人大多不上大学，高中或者技校毕业就参与工作，二十岁就开始被周围人撺掇着相亲恋爱结婚，往往是稀里糊涂的就生了孩子，现在大家有的是年岁思考自己的人生和未来，越想越不想结婚生子,山东,0,6,340254285,217940531824
夕暮并行_,保密,2024-04-21 12:47:13 北京时间,2,这么说吧，现在的现状非常不适合年轻人们恋爱结婚生子，除了加班就是内卷，还有被资本捧杀的一些女性，出生率怎么上去？真可悲,山东,0,5,626777821,217920678320
姐控怂皇苏韵锦,男,2024-04-21 12:46:54 北京时间,2,工资不涨反降，上5休2，今年变成上6休1，你还让我生孩子？一个人开始干2个人的活,湖北,0,6,4759992,217920661632
欧皇吸尘器,保密,2024-04-21 10:26:47 北京时间,2,娶不起，养不起。你还想要我咋的,重庆,0,6,283851825,217900025088
IT小咖,保密,2024-04-21 09:35:47 北京时间,2,别扯淡了，就是它穷的...一天到晚累的要死，做爱的心情都没了，哪有怀孕的可能啊，再加上本来结婚就晚，已经错过生育的最佳时期,上海,0,4,1306570659,217892576448
Abyssichate,男,2024-04-21 09:32:20 北京时间,2,英语学习启动,浙江,0,5,1870600,217891999936
V_szcppyoif,保密,2024-04-21 09:12:18 北京时间,2,别太追求生命存在的意义,辽宁,0,6,22613436,217889302944
毅薄云天_,男,2024-04-21 08:19:46 北京时间,2,"我感觉博主说的很多是有道理的，至少他给我们提供了一个新的思路，不是像很多以往的论调一样，单纯归结于年轻人不能吃苦，不愿意承担责任。而博主是进一步的的探索了背后的动因，也就是探索意识背后的物质，社会存在决定社会意识，社会存在的变化直接反应在社会意识上。随着时代变化社会意识发生转变，但是社会意识又具有相对独立性，并不能完全快速转变也就产生了新旧观念的碰撞。,关于孝文化的讨论：如果用常规思维来考虑的话，我们想象不到生育下一代是一种一定要带来收益的投资，认为这只是人类生存繁衍的本能。但是人类的行为是受意识支配的，在小农经济繁衍后代收益的确是高于成本的，人们无需对抗本能，也就生育了后代，在没有察觉的情况下就已经完成了投资的过程，而父母出于对孩子的掌控和对资源的获取也就形成了孝文化（可能也是无意识形成的）完成了,  父母→子女（投资）→孝文化（利益维护）→父母（孝的受益者）   这一过程。,如果单纯把孝文化解释成最基础的人伦关系，那么又为什么会形成这种人伦关系？这之间又缺乏了讨论。这是我给出的见解，不一定准确。欢迎讨论。",黑龙江,0,4,3493083213728274,217882210608
只是小哥哥,女,2024-04-21 08:15:31 北京时间,2,对于工作，既然我不干有的是人干；那对于生孩子，我不胜也有的是人生[脱单doge],山西,0,5,1579322352,217881685824
好记性不如烂记性,男,2024-04-21 07:50:09 北京时间,2,居然还有弹幕说回农村的，回农村，你就业机会在哪里？农村也是在想法集中人口清地皮去卖地，而且受制于农村人口老龄化太快，很多产业已经被摧毁了。在城市打零工还能活一活，回农村一点活路都没有,山东,1,5,474076472,217878275376
米兰毛豆,保密,2024-04-21 05:01:25 北京时间,2,为了不生，无所不用其极；为了生，无所不用其极。,四川,0,4,517292112,217855798944
电竞毒瘤代院长,保密,2024-04-20 12:09:40 北京时间,2,英语口语还是挺难学的,上海,2,5,232627670,217755191504
亿思空白,保密,2024-04-20 11:56:12 北京时间,2,总结:  没钱[tv_斜眼笑],广西,0,5,259920090,217753145824
无铭的信徒,保密,2024-04-20 11:20:41 北京时间,2,"当环境不再适合生存时，动物首先会停止繁衍，其次是大迁徙。,,——赵忠祥《动物世界》",浙江,0,6,2458386,217747745888
中华经典名著,男,2024-04-20 10:54:12 北京时间,2,才11年而已!,吉林,0,4,109578519,217743573920
高斯函数及等差数列,男,2024-04-20 07:47:14 北京时间,2,增长的都是经济相对发达地区，实际上还是因为这些地区的出生率减少从而更需要其它地区的年轻人迁徙至此保持经济稳定而造成的人口增长假象。,浙江,0,6,327872333,217717888464
29437317513_bili,保密,2024-04-20 06:34:26 北京时间,7,哪有那么多p事，想生就生不生就不生呗，别说什么环境影响周围人都结婚了这种屁话，你能被他们影响说明你1是本身还有余力2是你根本没有根绝生孩子的念头，如果你活得很吃力的话你根本不会把目光放到生孩子这件事上，因为你每个月都在为下个月发愁，如果你没经住影响生了就不要抱怨，说到底这还是你的决定没人逼你，你不能只看到好处忽略问题，别人组成家庭共享了天伦之乐但也有养育的重担，你单身自在但肯定多谢孤独,湖北,2,5,399756257,217709375408
V笑语人生V,保密,2024-04-20 03:32:19 北京时间,2,儿孙自有儿孙福，没有儿孙我享福！,江西,0,4,1912130912,217685280048
太空一片叶,保密,2024-04-20 03:02:12 北京时间,2,越穷越要生，越富也越会生，就卡在中间的不敢生。,广西,0,5,66406954,217681246768
股票投机分子,男,2024-04-19 19:49:01 北京时间,2,看出来了，人口稀少或者较发达地区人口出生率正增长，人口大省 发展偏农业的省份负增长，河南人口全国排在前三吧？,浙江,0,5,490298395,217655461152
bili_1997002471,保密,2024-04-19 14:49:55 北京时间,2,生孩子不得娶老婆吗？取老婆不得买房子吗？买房子不得贷款吗？贷款不得还款吗？还款女人会跟你吗？没老婆还能生孩子吗？,内蒙古,0,3,1997002471,217627619728
永远最好的小帅丶,男,2024-04-19 14:41:07 北京时间,2,人口真的在减少么，为啥山东一个比一个能生，不是二胎就是三胎啊,山东,1,6,38570490,217626152864
奇想天外R,男,2024-04-19 14:41:03 北京时间,2,玩不起...那就不玩了吧。[无语],北京,0,5,13567255,217626056240
321夏夜,保密,2024-04-19 14:29:22 北京时间,2,希望降到10亿以下，这样就不用抢票了,广西,0,5,503648838,217624230864
悲伤的嘎巴菜丶,保密,2024-04-19 14:28:30 北京时间,2,有钱多生，没钱就不生呗，养不起，自己养自己都费劲。,天津,0,6,35866804,217624138048
什么时候能飞出太阳系,保密,2024-04-19 14:23:48 北京时间,2,省流：十分钟，不是因为房价高，是因为人口赚不到钱[热词系列_完结撒花][热词系列_完结撒花],广东,1,6,409996131,217623475536
不务正业的猫叔,保密,2024-04-19 13:49:17 北京时间,2,我tm找个工作十个网上标双休早八晚五的，实际一问有九个都说其实常年加班早八晚八，周末也加班的，你要我怎么生，老板去年营收一个亿，今年就想两个亿，明年就想四个亿，下面干活的全他妈累死了，反正都觉得你不干有的是人干呗，先把劳动法真的落实下来再扯鼓励生育什么的,安徽,0,6,3721911,217618006688
你舅惯着她爸,保密,2024-04-19 12:34:33 北京时间,2,这期视频可能很快要没咯[doge],广东,0,6,33744624,217606399024
秋之枫的辉某某,保密,2024-04-19 12:26:53 北京时间,2,我懂！玩过红警，基地一卖直接暴好兄弟，速推,江苏,0,5,34665705,217605396624
pangzi889,保密,2024-04-19 11:40:28 北京时间,2,当自己都活得不顺，脑子是有多好才会觉得可以靠制造下一代来实现阶级跃迁。。,湖南,0,5,133838022,217598447728
虾客阿没,保密,2024-04-19 11:20:03 北京时间,2,科举最巅峰的不是满清吧，相反满清十文化破坏最严重的朝代了。私塾，乡县学子的基层生态被破坏的最严重的古代时代。,宁夏,0,6,47389222,217595298688
BoOcky,保密,2024-04-19 04:51:14 北京时间,3,这个视频不适合发在这里，因为b站里面三观没有构建好的小屁孩太多了。,浙江,0,6,12615709,217546996192
我在航母搓甲板,保密,2024-04-19 04:39:47 北京时间,5,说活得累的，解放初期难道比现在轻松？主要还是年轻人突破了诸如“孝道”“传宗接代”的枷锁，实现了某种觉醒。,浙江,9,5,44196855,217545290928
Jackiebaggio,保密,2024-04-19 02:31:41 北京时间,4,以前生育成本低，夫妻两个人养多个孩子，只要有口饭就行，孩子也只需要去上个学，做做家务就行了，娱乐也花不了什么钱，滚铁环，捉迷藏，几个小孩自己就能玩；现在，呵呵，一家老小养一个孩子都费力，但凡稍微健康点的食物都很贵，但凡一个爱好就烧钱，孩子也累，各种写不完的作业，上不完的补习班，明明51节就只放了一天假，其他几天都是周末换休来的，这不，学校里面硬是按照5天来布置作业，真的很没有意思。按照以前的眼光，不结婚不生孩子，丁克家庭都是有毛病，现在，呵呵，太正常了,四川,2,5,294374337,217528766128
尾随怪,男,2024-04-19 01:44:40 北京时间,2,现在的女人不守妇道，男人穷的被透支后只会被抛弃嫌弃，富的根本不缺漂亮女人也懂现在女人是个什么东西，自然就多玩玩而已，所以结婚都非常谨慎。就问一句话，有多少女人会和你一起奋斗吃苦吗。有但是特别特别特别少。现在结婚并不是报团取暖，而是过来分一杯羹。,广东,0,6,46573555,217523860352
满月YSH,保密,2024-04-18 21:30:05 北京时间,2,"可是我这小县城小孩子真的越来越多，,,托管，幼儿园，小中高。。。供不应求",福建,2,6,74966940,217508790656
爱学习的小白蓝,保密,2024-04-18 16:43:33 北京时间,2,没这么复杂，一句话就说清楚了，企业都是两班12小时起步，进城务工人员下班后的时间只够睡觉，本地人没问题,广西,0,4,501859293,217495978960
健康的竹鼠,保密,2024-04-18 16:42:32 北京时间,2,其实传宗接代什么的对于个人没什么意义，生个小孩还得是开盲盒一样，也生下来一个软肋，从检查分娩读书处处都得要去求人。不喜欢做孙子,新加坡,0,5,12852808,217495932432
Joakita2,男,2024-04-18 13:21:24 北京时间,2,为啥要爱生孩子？自虐吗,安徽,0,6,31975656,217465894304
慢火车旅游,男,2024-04-18 11:43:24 北京时间,2,总有人生的，基数大,河北,0,6,268353126,217451356912
汉尼拔安东,保密,2024-04-18 05:43:18 北京时间,2,我想问一下，比如河南人来广东打工时生了孩子，那这个孩子算入广东的生育率吗,广东,1,5,397462708,217407943696
丨一丨龍丨一丨,保密,2024-04-18 05:30:44 北京时间,2,不是年轻人不爱生孩子，是穷人不爱生孩子[tv_白眼],天津,1,4,3494366102424142,217406566224
528440736,保密,2024-04-18 05:28:57 北京时间,2,啥拒绝生育呀，底层男根本找不到女人，他自己也生不了哇。,山东,0,5,528440736,217406061600
风中雨云中雪,保密,2024-04-18 05:24:42 北京时间,2,书都读不起生啥啊[笑哭],广东,0,5,52407213,217405652784
有五本书的巧红,保密,2024-04-18 04:36:15 北京时间,2,我都没想到我的家乡人口居然是正增长的,河北,0,6,287923320,217398786544
爱灬本祸劫,保密,2024-04-18 04:33:50 北京时间,2,结婚条件和养娃成本的问题,广东,0,5,390008601,217398450640
道iiii哥,保密,2024-04-18 04:24:53 北京时间,2,没有没可能中国人已经很多了？,上海,0,5,79361830,217397218800
shenxt1219126,保密,2024-04-18 04:22:56 北京时间,2,政府送婚房，出生率猛涨,上海,0,5,485439955,217396786016
596设计局,男,2024-04-18 04:15:48 北京时间,2,真是瞎操心中国人口，三亿都不嫌少。人家美国也就三亿人,江西,0,5,480823430,217395743696
阜新安家了开始躺平,男,2024-04-18 03:16:06 北京时间,2,其实东部应该不算未富先老[呲牙],辽宁,0,4,3494351462206317,217388053568
火锅要凉了火车要慢了,女,2024-04-20 20:33:15 北京时间,2,"半夜4点400在看,失业大军集结！",广东,0,6,3054123,217812160352
dokyo,保密,2024-04-18 22:45:49 北京时间,4,我感觉存在互联网这种低成本的娱乐方式也是相当重要的原因吧，不需要谈恋爱生养孩子也能获得足够的精神满足,浙江,1,6,25621703,217510825248
好吃再来一大碗,保密,2024-05-06 07:18:26 北京时间,3,要不是我周围一堆人结婚生孩子我就真信了,河北,2,6,633153386,220160726720
安林本人,男,2024-04-18 04:03:41 北京时间,3,现在低人口的确是很多国家的一种趋势。以现在的情况来看，应该是如何解决养老问题，而并不是担心人口能不能增长。,福建,3,5,1765072183,217393966528
白鹰Ovo,男,2024-05-12 18:22:14 北京时间,3,"但是生育这个问题绕不开男女啊？新时代女性获得社会地位后，反而提高了结婚和生育的成本，都知道活着得吃饭，那想要好的生活是不是也该共同努力呢？,,而不是通过压榨另一方来获取，绕开男女谈生育，那还有啥聊的。,,就拿江西彩礼来说，你觉得江西男性平均收入有这么高么？而且大部分结婚只有彩礼，没有嫁妆，不应该是彩礼还有嫁妆共同帮助组建一个新的家庭么？,,并且很多彩礼都是给到女方家庭，并没有给到新家庭当中，那问题的根本不还是女性么，那怕男性收入增高，女性也可以随时提高要求啊，所以问题的底层不还是男女对立么。,本身社会压力就大，难道女性不活在这个社会当中么？感受不到这些压力么？她们感受的到，但不愿承担，两个人结婚共同努力那就是1+1＞2，但女性将压力全丢给男性，那结果就是2+0＜1，那个正常男性愿意接受这个结果？",海南,0,5,49559407,221177073344
常山老爷爷,保密,2024-05-31 01:59:20 北京时间,8,大家不要被这种信息误导，现在国家补贴力度很大，大家多生，我已经准备要第三胎了,广东,4,2,1335488582,223984722304
星h_,保密,2024-05-31 05:09:58 北京时间,1,我觉得人口是知识的创造，如果靠传承（书籍）那不一定会完全继承，而是靠大多数人来组合这个知识，比如几代人知识相当于，10多个人的组合，这样延长的知识能比肩几代（一个人是有限如果让少量的人创造大量的主要科技那很难）,广西,1,5,1567518181,224009413904
打工的千人,保密,2024-05-30 03:54:40 北京时间,1,这么多,广东,0,5,484447904,223851177328
陈拾-film,保密,2024-05-29 02:00:52 北京时间,1,怎么还有十个,上海,0,5,21608565,223689462496
Survivor_含宁,保密,2024-05-28 15:49:17 北京时间,1,说实话，我真是活废了,辽宁,0,5,99589379,223651575600
银酱的芭菲,女,2024-05-27 05:01:03 北京时间,1,足够一针见血，有些弹幕感觉都要急得跳脚了[doge],江苏,1,6,147002623,223414039360
回家与出发的路上,男,2024-05-27 03:56:16 北京时间,1,别的地方不清楚，中部湘赣鄂豫皖以前都是人口大省，现在生育率都在0.6左右了。,湖南,1,5,1428238279,223404362080
WT丶林玄,保密,2024-05-23 16:19:40 北京时间,1,2023年上海户籍人口生育率0.6%，比想象的要低,广东,2,6,35938470,222866738752
Borntolife,保密,2024-05-22 07:31:21 北京时间,1,我想生但是没人和我生，农村无房屌丝男一枚，相亲很多次，被拒的人已经麻了[OK][OK],内蒙古,0,5,247154233,222643898704
吃洋芋也要爱国呦,保密,2024-05-22 05:01:57 北京时间,1,4把23的工资吃了，23把1的工作干了。23一身得病。,河北,0,6,25604152,222627044656
我莹妹是刃吗,保密,2024-05-19 09:31:01 北京时间,1,什么时候身价过5000万，我就生两个。,广东,0,6,104716310,222199524880
账号已注销,保密,2024-05-18 17:32:16 北京时间,1,一針見血[胜利],广东,0,0,396376743,222108169872
davimond,保密,2024-05-16 15:24:37 北京时间,1,一人只有5亩地，生了5个孩子就有25亩地？说得好像土地也在繁殖下崽一样！什么智商什么逻辑！！！,河北,0,5,238161695,221773548288
cx233,保密,2024-05-16 04:04:25 北京时间,1,我不生有的是人生[脱单doge],云南,0,6,14611966,221679912176
子葉子子,保密,2024-05-16 03:19:15 北京时间,1,确实不是房价 是城市化 资源的相对集中 导致相对土地的人口集中 有人说房价我想说4-5线的房价2000-3000一平 你买吗？,上海,0,6,24144790,221673906912
丨天啟丨,保密,2024-05-16 02:05:20 北京时间,1,正常人口数量变化，自然调节就可以了。,山东,0,5,4016861,221665269984
来了来了llll6,保密,2024-05-16 01:59:24 北京时间,1,900w还不多吗,广东,0,4,2124289129,221664763872
零時L,保密,2024-05-14 04:42:59 北京时间,1,人均GDP稳定增长[doge],吉林,0,6,14412937,221378182976
失落的北极光,保密,2024-05-14 03:16:38 北京时间,1,不要乱说，有些国家的人口增量还没有900多万呢,湖北,0,6,260201490,221365749584
胡-大帅,男,2024-05-14 01:38:05 北京时间,1,其实绝大部分人，这个比例很高，并不会考虑生儿育女是否划算，对于一胎他们只是考虑生下来能不能过正常人的生活，对于二胎他们只是考虑生下来之后是否能够给予他周围平均水平的资源，别把父母对子女的情感说的那么肮脏，至少我家目前没有，我爸妈对我和我妹真的是不求回报，真的是最纯粹那种，我爷爷奶奶，还有外公外婆也差不多，尤其是我外婆。总之生育在父母看来不是投资，就算是投资，回报率也是极低，基本只能养老。我有个舅舅，对我外婆那真是狗屁不是，连续几年不回家，钱也不给家里寄，还拿走我外婆的钱，我外婆对他那真的是一点瑕疵都没有，到现在嘴里说出来的还是村里人都说他有福气，有个儿子也是在外面混的很好。家丑不外扬，多的不说，在我家父母对子女真没毛病,湖北,0,6,400144630,221354297056
屑の魔女・伊蕾娜,保密,2024-05-13 16:43:40 北京时间,1,调生，我等下辈子再生小孩[吃瓜],广东,0,6,43923797,221324822048
你小霸霸,保密,2024-05-13 15:10:10 北京时间,1,因为我讨不到老婆,福建,0,5,493423418,221310830368
荒村游游,女,2024-05-13 12:20:44 北京时间,1,前提是你也不知道能生几个儿子几个女儿，万一都是女儿呢，不过有嫁妆.....一代一代都是工具人。父母太自私了。 不自私就不生。,北京,0,4,123234727,221282585344
荒村游游,女,2024-05-13 12:16:03 北京时间,1,人是有这个天性，因为曾经是猿类，现在还没进化就会一个接一个地生。但是人不是有选择了吗，之前没醒过来，现在刚知道。,北京,0,4,123234727,221281802336
-悠夜_,保密,2024-05-13 11:55:01 北京时间,1,谁说我没生的  平均收入 平均幸福都平均了  有些人生几个呢 平均下来 也等于我生了,广东,0,4,331447023,221278516688
fangcha,男,2024-05-13 10:16:35 北京时间,1,对啊？怎么回事呢？你猜猜怎么回事呢？我不到啊！,广西,0,4,492807082,221263175952
S小白啊,男,2024-05-13 10:01:53 北京时间,1,不认同，社会是要往前往,吉林,0,4,317395388,221260967056
BLUECURAAO,保密,2024-05-13 05:54:30 北京时间,1,本人90后，去的最远是高三暑假工进东莞打螺丝，其余时间连个省都没出过,广西,0,6,24327864,221231384416
网页正在加载,男,2024-05-13 01:07:07 北京时间,1,没关系，你不生有的是人生[傲娇],上海,0,6,345559918,221195250048
------ET------,男,2024-05-12 21:33:01 北京时间,1,专家还说说人家韩国人生育率低我看他是看着我们的生育率数据说的话,内蒙古,0,5,401255704,221183834976
FlyPuppy,男,2024-05-12 17:00:52 北京时间,1,我只能说有些道理，但是一些观点有点走极端。,福建,0,6,6339509,221170201088
只想摸鱼的吗喽,保密,2024-05-12 16:52:23 北京时间,1,江苏人口增长也开始少了吧[辣眼睛],江苏,0,5,147804979,221169230000
CasperYC,保密,2024-05-12 14:40:43 北京时间,1,主要是真的穷！！！,江西,0,4,612058168,221148109008
光明神灵,保密,2024-05-12 14:24:08 北京时间,1,最简单的二句话总结：小农：父母为孩子付出的利益少，孩子为父母挣得的利益多，越生越赚。现代：现在父母为孩子付出的利益多，孩子为父母挣得的利益少，越生越亏。父母当然对孩子不止是利益也有爱，但是利益也会有部分的影响力,上海,0,4,441184327,221145242320
-_-7ZR,保密,2024-05-12 12:41:30 北京时间,1,"https://caoss.org.cn/upload/file/24031812405831.pdf,这有2024年生育成本报告",浙江,0,6,364452427,221128584400
真是磨人的老妖怪,男,2024-05-12 11:45:27 北京时间,1,"有人说人口少了普通人就能过的好了，开什么玩笑呢？,没有庞大的人口基数，拿什么支撑全面的产业链？,没有全面的产业链，普通人买根针都要花现在十倍数十倍的费用。,不要觉得白菜价只是突破了技术，大量生产才是白菜价根本的原因。",山东,4,6,401614493,221120168832
就像樱花抄a,保密,2024-05-12 11:21:56 北京时间,1,我回去多看点观察者，比如董佳宁他发的视频，这个信心一下就提振了，关注点一下就转移了，董佳宁不行，我还可以看点王骁的，沈逸的，这帮人的视频连着七八个刷下来，我一下就觉得未来充满了希望：最迟明天晚上咱就统一了全宇宙,广东,0,6,99798607,221116569984
招Q招,保密,2024-05-12 10:51:34 北京时间,1,说和房价没太大关系，我觉得这UP脑子多少有点问题,广东,0,5,8389687,221112011392
JP_ToKyo,保密,2024-05-12 09:31:45 北京时间,1,"有錢人一個人能擁有幾十間房子......23333,是他建的嗎.,..不是...只是他擁有....",中国香港,0,6,566823,221098890352
浮云生梦焉,女,2024-05-12 08:20:27 北京时间,1,自从中国进入近代以后小农经济就维持不下去了，新中国以后这个进程，也就是城市化加快，和改革开放没有必然联系，何必故意吹捧呢,山西,0,6,500243243,221089001344
AO晓龙OA,保密,2024-05-12 02:01:17 北京时间,1,首先更正，不存在未富先老。因为有些人已经富了，问题是社会财富不均衡。人口与所需劳动力的关系国家是控制的。新中国成立时人口四万万五千万，没有什么农机，器械，生产力主要靠人力，所以国家鼓励生育。八十年代后机械已经成为生产力的绝对主力，所以计划生育开始了。现在，更先进的机械，，，，所以国家认为有更多的人口压缩空间。可能目标大约是3--4亿？,河南,0,5,393176116,221034431600
时代产物zero,女,2024-05-11 13:19:09 北京时间,1,我初中生物老师告诉我，繁衍是生物的本性，但如果某种群判断当下环境不适宜生存，便会停止繁衍。,重庆,0,6,28133865,220965847664
琴江有汜,保密,2024-05-11 05:37:22 北京时间,1,亏本生意没人做的,江西,0,6,18649134,220899639760
U2,保密,2024-05-10 18:55:59 北京时间,1,其实UP还少说了一点，现在离婚率年年新高，造成了无数的单亲家庭，养育困难不说，这些孩子现在都长大到成家年纪了（我就是单亲家庭），童年的阴影，加成长的坎坷，和当今社会离婚的主流趋势，这么一综合…恩哼…也就唯一解了,辽宁,0,6,10617,220847053664
账号已注销,保密,2024-05-10 13:26:49 北京时间,1,因为以前是多一个劳动力就多一份收入 现在是多一个孩子就是多一大笔支出,广东,0,0,59852001,220803200272
魔禮夀,保密,2024-05-10 10:28:55 北京时间,1,爱生不生，没人求着。看看河南安徽广东广西，家里都是一窝一窝的，我周围的亲戚朋友几乎都是两个孩子,辽宁,1,5,20053747,220775667920
动力不足了,保密,2024-05-10 10:18:20 北京时间,1,最主要的问题是，你生育出来的孩子，只有百分之90多能活到正常大学毕业，而这期间的支出非常恐怖。其次大学毕业了，百分之98的孩子是完全不能依靠自己的收入独立生存的。这些孩子是需要父母的资助才能生活，更别提结婚了。,浙江,0,5,323185513,220774116592
洛德Crazy,男,2024-05-10 07:52:15 北京时间,1,人才市场僧多粥少现象，就是在告诉年轻人，人多的是，人力廉价不值一提,湖北,0,5,35290200,220755211392
G1,男,2024-05-10 03:04:47 北京时间,1,没钱，不生。累，我要休息。,上海,0,5,19703,220718155952
再度宣誓守护你,保密,2024-05-10 02:17:17 北京时间,1,人口是国家发展的基础，不愿意生的原因应该是太苦了吧。,四川,0,5,256093749,220712694160
即使仰望也坚信,男,2024-05-10 02:17:06 北京时间,1,好好好,湖南,0,4,3493078826486520,220712686752
可可西里的鹰sky,保密,2024-05-10 02:10:34 北京时间,1,别的地方不知道，但是贵州生孩子的大多都是没上大学早早上班的那批人，有过得好的也过得不好一地鸡毛的，我发90后，初中毕业，结婚生了三个孩子，现在都离婚好几年了，我老家那边的孩子现在过得和我们小时候也大差不差，越穷越生,北京,0,4,368834453,220712087616
陌尛樹,保密,2024-05-10 01:09:57 北京时间,1,河南省被定义为农业大省，努力成为国家粮仓之一。经济发展不能像开发区和沿海城市那样。收入上不去。人口基数又大，生又不敢生。感觉挺悲哀的。,河南,0,5,180859096,220705825088
延边老棒槌,男,2024-05-10 00:35:13 北京时间,1,说简单点，就是投资与回报相差太多。相差小一点还能用感情孝道伦理这些来忽悠，当人们发现亏得太多了，哪一套忽悠方法都不好使了,重庆,0,5,289229375,220702527840
2061au,保密,2024-05-10 00:03:55 北京时间,1,目前国内有两类人，不论实际上成就如何，但一定是有大智慧的，一类是没有在早两年高位接盘房子的人，一类是2010-2015年左右结婚，但没有被裹挟，抗住各种舆论压力，至今丁克的人，如果两者全占，我真心建议可以考虑从事金融相关行业，这种高瞻远瞩运筹帷幄的能力，不是人人都有的。,江苏,3,5,167549361,220700171904
月華i,男,2024-05-08 20:21:08 北京时间,1,8090就是白银，卡在那里了🤣👉,广东,0,5,518826540,220542009040
林潼,男,2024-05-08 02:32:14 北京时间,1,怎么说呢，说了一堆， 论点部分只有分析没有理论也没有数据,江苏,0,6,22622161,220416859056
sonicwt,保密,2024-05-07 17:02:07 北京时间,1,先解决结婚彩礼高，离婚随便分走一半甚至全部加上女方出轨，男方一样要分一半的问题吧。,安徽,2,5,597837,220386530240
星海猎人的每一天,保密,2024-05-07 08:28:26 北京时间,1,爷爷奶奶那一辈给口饭吃就敢生孩子了，现在把一辈子搭进去都养不起一个龟儿子[doge]还有离婚，这那的风险,湖北,0,5,436484022,220312365328
Markus____,保密,2024-05-07 04:56:15 北京时间,1,标题的底层是什么意思  已经区分三六九等了？,河北,0,5,222522995,220289257552
可惜风太温柔io,男,2024-05-06 23:40:24 北京时间,1,现在在问道搬砖，就只玩着五个号，是我不想再起一队吗？不是，我想着等号毕业一点自己借的钱还完了没压力了再开一队,河北,0,6,76987940,220256814304
shoedogL,保密,2024-05-06 22:42:58 北京时间,1,单身越久，越难脱单，习惯了单身，真的难改[嫌弃],广东,0,5,1020925827,220253980016
若葉ヤナギ,女,2024-05-06 17:31:58 北京时间,1,网上到处都是不娶不嫁不生的，具体到我身边就我一个还没嫁的我就没当回事 我妈快愁死了。,河南,1,6,16637336,220244321696
人菜脸还黑,保密,2024-05-06 15:47:59 北京时间,1,我连自己都过不好，还指望我去结婚生子？一周6天班，工资5-6000，节假日全是调休，拿头结婚？,广东,0,6,65218047,220232470352
渣渣灬彭,保密,2024-05-06 15:12:03 北京时间,1,自己过不好就算了，你说你生个仇人干什么？,广东,0,5,453636884,220226899424
正直小霸王,保密,2024-05-06 13:19:02 北京时间,1,呵呵，从招聘就可以看出来，，人家根本不需要这么多人，所以我不想让我的后代再这么内卷下去,山东,0,5,581560170,220208357856
我不是民哥,男,2024-05-06 10:25:22 北京时间,1,学新闻学的,广西,0,5,38708119,220182232544
Green_tee,保密,2024-05-06 10:17:41 北京时间,1,人口少了还不好？,四川,0,5,1602361447,220181177184
不会说大象话,保密,2024-05-06 08:05:36 北京时间,1,特此声明。本人在首页刷到本视频，无意间点击，未进行观看。,广西,0,6,7919295,220165344352
幸福快乐的中国人民,保密,2024-05-06 03:15:32 北京时间,1,咋还生这么多[笑哭],黑龙江,0,6,177806858,220131618784
风岭的虎崽子,女,2024-05-06 02:39:59 北京时间,1,今年26了，但是完全没有结婚的念头，家里催得紧，直接打哈哈，主打一个敷衍,广西,0,5,326782794,220127845200
只有我不在的现实,女,2024-05-05 14:46:50 北京时间,1,"时代决定的,韩国和日本早进入这一时期了,一个国家进入了全民知识化,新一代已经开始新的社会认知.",北京,0,5,589196284,220077324672
鸡安以养的鹅,保密,2024-05-05 11:13:54 北京时间,1,看了十分钟的航拍素材视频,中国香港,1,5,1974780105,220043748448
拾起那片森林,女,2024-05-05 09:32:02 北京时间,1,网上都说不婚不生，现实中过节都结婚生子办酒席的，到了年纪都陆续办事了好吧,广东,3,5,410087341,220028088064
妖惊,保密,2024-05-05 09:21:03 北京时间,1,感觉这些调查不太靠谱，提到正增长的大部分地区都是经济比较好的地方，年轻人都外出工作，很多结婚生子的都在该工作地区，哪有人生孩子会特意回老家生的？所以也导致经济一般的地方剩下的都是老人，从而产生了生育率这种假象，经济好的地方正增长，经济一般的地方负增长,广东,0,5,21237976,220026560896
账号已注销,保密,2024-05-05 09:14:36 北京时间,1,不要危言耸听了，富人都会多生的。,黑龙江,0,0,3494360620468967,220025565328
bili-揽风挽你,男,2024-05-05 09:13:43 北京时间,1,先说正常多数人的情况，家里条件好一点的给你买个房或者是付个首付，然后配一辆车，但是多数人是达不到这个要求的，房子车子少说一点就光首付和车子就要五十万了，现在人平均工资在 7000多左右，还要考虑吃穿住行的问题一个月能存下多少，就算是经济上没有问题了，就现在这个快餐式的爱情下，谁敢保证或者谁能保证你不是下一个胖猫，女人的要求越来越高，现在已经不是单纯的要求你经济上达到他的要求，其他上达不到要求的人家也是不考虑，tm的我之前谈个恋爱两个月花了两万块，真心谈不起,江苏,2,5,447329755,220025470176
JoeyNoZc,保密,2024-05-05 07:47:27 北京时间,1,这年头还在用“人口红利”这个词的人，非傻即坏,广东,0,6,141211793,220013896624
SensoryTraveller,保密,2024-05-05 07:29:23 北京时间,1,我就职的外企其实国内业务完全不赚钱（对体量而言个位数的利润简直白忙活），但CEO是怎么说的？不可能放弃国内市场，不然给华尔街的股东们看什么？难道说公司放弃了14亿人口的市场吗？我一下醍醐灌顶，对啊，对于国家肯定希望生育率高人口多，多么有吸引力的市场和欣欣向荣的未来。我们就像一个血小板对于一个人，血小板对人体重要吗？太重要了。可是一个血小板重要吗？那是个P。好在血小板没有意识，我们有，做什么有利于个体做什么不利于个体自己得好好想想，没有绝对的对错。现实是大多数适婚适育年龄群体不再接受本来的公式化人生什么三十而立了，有这句话的时候真是村里还没通网的年代了,上海,0,5,125123486,220011492304
举举举举举举个栗子,男,2024-05-05 06:57:28 北京时间,1,90后一个，毕业出来工作九年了，前面存款从负债到十几万，接着谈了个对象几年间吃喝玩乐存款不增反降，最后还是选择回到一个人潇洒自在。就算现在换了车，和父母合资盖了房子，存款也比两个人的时候多得多。感觉往后的人生一个人就够了，足够赡养父母，也足够让自己过上想要的生活，别说生孩子了，结婚都不想结,四川,1,6,4586448,220007176224
工程造价钟毅,男,2024-05-05 03:52:47 北京时间,1,我是80后的异类：不婚、无子女、断亲。,辽宁,0,4,330219773,219979044624
忘露泉水,保密,2024-05-05 03:31:39 北京时间,1,这都什么逻辑...还有这么多点赞的，真搞不懂。国外鼓吹中国人口红利消失，所以中国就衰弱了，本来就是假命题。UP用死亡率和生育率对比就是忽悠人的。什么为什么中年人对比不愿意生孩子，跟生不生没什么关系？,海南,0,5,112328817,219975696288
糖果铺爆炒冰糖,男,2024-05-04 20:11:11 北京时间,1,穷人家养小孩的话千万别让孩子读书，不然容易出“白眼狼”[doge],广西,0,6,19009887,219944412016
冥王一红翼,男,2024-05-04 17:12:12 北京时间,1,挣钱少，房价高，看病贵，上学卷，买车摇号，女的要钱要房要车要一米八……,北京,0,3,491132865,219933525648
绝望の悲戚,保密,2024-05-04 14:13:31 北京时间,1,"年轻人工作都累死了，赚不到什么钱还没有什么休息时间，而且喜欢的人也不一定能遇到（遇到了也不一定喜欢你），不是年轻人恐婚，而是现实条件不允许，一个人活着已经很累了（不要老扯老一代什么初中就结婚了，没房没车照样娶个老婆，你让老一辈的从头体验现在时代他们也不会想结婚了）。,说起结婚，本来就是两个人相爱才领证，勉强过日子的一旦经济上出现困窘或者一方抽不出空余时间陪伴，基本上都是出轨或者离婚居多，而结婚生子本来就是很现实很需要经济支撑的一件事，有钱人巴不得娶多几个老婆生多几个小孩，而普通人还在为下个月的工资苦苦挣扎。,눈_눈",广东,0,5,12196141,219905930784
56003365,保密,2024-05-04 12:47:09 北京时间,1,玩了好几款经营类游戏，都有一个共同点，幸福度低，人口就不会成长[吃瓜],四川,0,5,8386889,219891608560
KFC的顾今安,保密,2024-05-04 12:36:00 北京时间,1,有钱人就不能多生点吗？,浙江,0,6,25282605,219889715040
恋心冰,保密,2024-05-04 12:31:45 北京时间,1,我二胎还没生 光产检就快1W了,宁夏,0,5,170624756,219889008528
千影君x,保密,2024-05-04 09:51:32 北京时间,1,3：03这预测线真的笑死,浙江,0,6,522832404,219862528320
大树招蚊,男,2024-05-04 07:20:28 北京时间,1,一罐奶粉400，一包纸尿布 80-120. 一包纸尿布大概用半个月，一罐奶粉20天不到，你养得起吗，3000块工资你拿什么养！,广西,0,5,10949300,219841579744
庸自扰1985,保密,2024-05-04 06:15:50 北京时间,1,网上一大堆20岁左右女号抵制婚育，年龄都差不多，头像都挺漂亮，谁敢说结婚生孩子就一通攻击。很难不让人浮想联翩，是一伙有组织的行为，集中在一些社交app里。,黑龙江,1,6,348745665,219833014576
清纯大米,保密,2024-05-04 03:01:12 北京时间,1,要增加人口简单的很，放开东南亚女性移民，生两个孩子直接发国籍。,上海,1,6,48767674,219804564656
超威蓝猫炮,保密,2024-05-04 02:21:29 北京时间,1,观最近的相亲节目，嘉宾们喊出择偶标准是一定要孝顺父母，要善良，然后转头就要38.8万彩礼的时候，确实品出了一种小农思想与现代生产方式的深深矛盾[吃瓜],广东,0,6,3234804,219799410192
sjh代号,男,2024-05-04 00:41:22 北京时间,1,实际上只要不是每家都生两个，呢人口肯定是负增长的,山东,0,6,36190715,219788546176
账号已注销,保密,2024-05-03 22:56:08 北京时间,1,"我有车有房，只要我不结婚，世界就会多一位剩女。,我对自己的未来都不抱希望，何必让我孩子来受罪。",四川,0,0,3550248,219781912816
多读毛选少看视频,保密,2024-05-03 17:49:52 北京时间,1,看到父母整天那个鸟样，就知道结婚后生活会有多糟糕，生活的苦难，多少是找了对象导致的？[嗑瓜子],福建,0,6,87998427,219770457184
丿boom咫尺,保密,2024-05-03 17:12:11 北京时间,1,小农经济产出由土地提供，上交赋税后剩余价值全部归个人家庭，人越多，家族财富积累越多，极少成多，家族经济社会地位逐渐积累上升；而现代社会极大部分个人经济产出是由与雇佣者交换得来的，其创造的价值经雇佣者剥削，而国家赋税是由消费及个人所得组成，上交税赋会二次剥削，剩余价值在通货膨胀影响下难以积累，家庭人口增长并不会带来更多财富积累及社会地位上升，生育所带来的正向价值越来越小，，则生育欲望越来越低且不可逆,湖北,0,4,260265600,219767040736
吃藕吃藕吃藕,男,2024-05-03 11:23:59 北京时间,1,工资够生活，但不够买房，又要买房，现在女的又那么逆天，这就是我不结婚的原因。有钱人会生的,江苏,0,6,36997791,219712581008
多方通行_,保密,2024-05-03 09:12:16 北京时间,1,老一辈的观念总要被打破的，只是时间问题,江苏,0,6,260238015,219691905680
綺麗な夢,保密,2024-05-03 05:58:16 北京时间,1,相信后人智慧，借鉴前人经验,浙江,0,6,4072847,219666923664
丁仪_-,保密,2024-05-03 05:25:03 北京时间,1,在农村最底层反而喜欢生，因为养小孩成本低，包赚不配,广东,1,6,351456955,219662340976
最喜欢的一集捏,保密,2024-05-03 05:22:29 北京时间,1,缓生，待生，科学生,江西,0,5,489323574,219661959728
滢泷迷雾,保密,2024-05-03 05:21:07 北京时间,1,我希望我能多活几百年，在我看到世道变的我喜欢了 我或许会认真的生活，结婚生子。 否则还是再熬两年看看,北京,0,5,394508619,219661768608
bililliiiiiill,保密,2024-05-03 04:11:59 北京时间,1,小县城光上个大学就花了30w,山东,0,4,700146063,219651094128
我巨山超力霸不服,男,2024-05-03 03:11:44 北京时间,1,孝顺中孝和顺是分开的，孝肯定是对的，但问题就出在顺上面，顺的意思就是父母对儿女的绝对统治,湖南,1,6,69208229,219642603168
来自阴影的恐惧,保密,2024-05-03 02:10:05 北京时间,1,早恋哈，上大学再谈恋爱哈。我都一个人过了19年了，还要花钱供女的开心。自己吃的扣扣索索带女的吃好的，女的还嫌弃。,湖北,0,6,3443088,219635127824
你是小鱼儿嘛,保密,2024-04-30 09:28:47 北京时间,1,现在这个时代没能力不要生孩子害人,广东,0,4,1441223694,219221561312
暧风风,男,2024-04-30 08:51:59 北京时间,1,一个比游戏又肝又氪，这就是我脱坑dnf的原因，不但脱坑还毁号了[墨镜],上海,0,6,113907896,219216690560
小魔女派莓,男,2024-04-29 16:34:31 北京时间,1,？真有这么复杂吗？我只是觉得找女朋友生孩子很麻烦所以一直不想找，毕竟想想就知道嘛，一种是下班回家就可以打游戏，一种是下班回来还得照顾孩子然后睡觉第二天接着上班反复到放假，肯定是第一种简单啊,福建,1,6,281150281,219136368576
很好好的人,男,2024-04-29 16:28:57 北京时间,1,虽然主流媒体不报道，但是我知道房价降了超级多，嘿嘿，与其说我们成功了，不如说大家真的买不起了,江苏,0,6,222271619,219135585616
西湖裸双,保密,2024-04-29 13:04:24 北京时间,1,肯定是因为房价物价不够高，足够高的话自己一辈子都买不起，但是多生孩子三四十年后和孩子一起打工人多力量大就能买得起了[脱单doge],广西,0,6,39807643,219105415296
叔叔很猛,保密,2024-04-29 09:51:09 北京时间,1,"人口降低随着国家发展，科技进步，在一段时间内是必然的。,伴随生产力提高，用不了那么多人，也是必然的。,随着社会和思想进步，传统：传宗接代，多个孩子多份劳力的思维方式也必将绝迹。,年轻人读书越多，越理性，越注重自身和自己的生活品质。,基本都是：如果连自己都照顾不好，必定不会生孩子，让孩子在这个世界上受苦。",陕西,4,6,19389444,219077065648
盛厦的风,保密,2024-04-29 05:03:55 北京时间,1,人口老龄化的坏处多了去了，视频完全没有提及真是恐怖。,广东,0,5,163102844,219044239120
女王刃下心,保密,2024-04-29 04:21:46 北京时间,1,公司招了十几个零零后的实习生，2个基佬3个百合，这生育率可不也得降降[doge],浙江,0,5,18400689,219037914592
游走的菜刀,保密,2024-04-29 03:01:47 北京时间,1,北京和上海人口增长，取消外来人口还剩多少。 我不信取消外地去的，还能增长,甘肃,0,4,1012121226,219027893888
永恒猫奴,保密,2024-04-29 02:34:09 北京时间,1,年轻人虽然不愿意生，但是可以督促老人去生，这样就好了,浙江,1,5,52851604,219024892944
罔顾事实掩耳盗铃,女,2024-04-28 12:30:48 北京时间,1,抱歉江苏丢脸了，我也不准备要孩子[藏狐],江苏,0,6,234352493,218954836464
阮的糖有点硬,保密,2024-04-27 14:32:06 北京时间,1,房价和生活成本绝对是原因之一和二，而且占主导地位，不是你简单的拿日本的房价涨跌来对比的，而是在收入，生活成本之外，房价对于我们的承受范围。我收入3000，房价5000甚至6000，我收入6000，房价12000甚至更贵，您认为这是我们普通人能承受的？如果我们收入3000，房价1500甚至更低，你试试看？再一个，房价房子又和教育·挂钩，环环相扣，再一个医疗压力，真的受不了，小县城，收入4000多都入不敷出，根本无法顾及父母，还仅仅只是温饱而已,广西,0,5,209616603,218821637728
乔豆麻袋哦,保密,2024-04-27 13:50:19 北京时间,1,我不说一线城市了，我这四线城市，平均工资才3k到4k，像我自己个人缴纳社保的，一个月1600多耶，伴侣和我一样的话，两个人一个月就3200，万一我们又要还房贷车贷怎么办？找个公务员当伴侣咯，啃老咯。真的，下一代不比上一代赚的多的话，这家族一直都是那样，年轻时赚钱给孩子花，老了存款 退休金给孩子的孩子花，剩下那些钱，不是退休金一个月1、2w的，墓地都不知道能不能买得起,广东,0,6,16604987,218814559648
饭桶教皇吃小孩,保密,2024-04-27 11:59:03 北京时间,1,我一个暑假的课外班就五万多啊，可是我妈一个月才多少……,天津,0,5,1910481257,218797778512
哼奴才,保密,2024-04-27 07:52:11 北京时间,1,古代是佃农经济，佃农最大的愿望是通过努力拥有一块自己的耕地。现在依然是佃农经济，只是耕地变成了商品房。,湖南,0,5,169103143,218763291040
古明地觉恋,男,2024-04-26 14:05:27 北京时间,1,"所以还是那句话，中国人太多了，根本没人着急，更不会觉得人口负增长是问题，以目前的生育率，我国人口就算再过几百年也依然有几千万，完全够用，哪怕只剩1千万也完全足够支撑起所有产业，而且依然存在很高的失业率。,所以大家都在谈论人口但官方却从未提起过，就是因为这根本就不算问题，等啥时候全国人口降到1亿以下再考虑也完全不迟[吃瓜]",河北,0,6,323507,218660357248
新汤匙子,保密,2024-04-26 08:45:17 北京时间,1,要那么多人干神马呢，未来都是智能化机械化，那么多人去哪里找工作？这本来就是发展趋势，人越少资源越多，才能真正富裕！整30亿人口，土地面积不变，难道不是更内卷么！,北京,0,5,1633150597,218612351616
人渣诚灬,男,2024-04-26 06:14:15 北京时间,1,养儿防老？我交社保是干嘛的[doge],广东,2,6,62505714,218595938112
冒菜泽栋,保密,2024-04-26 05:28:04 北京时间,1,为什么我发评论秒删啊,山西,1,4,3493259831675500,218590733328
坠落风,保密,2024-04-26 02:50:29 北京时间,1,生活艰难就会出现少生，无忧无虑就会拼命生,中国香港,0,6,49278,218569690896
青铜之王者,保密,2024-04-25 15:08:17 北京时间,1,首页通知书！[打call][打call][打call][打call][打call][打call],江苏,0,6,478367151,218521323712
Magic-浅梦,男,2024-04-25 13:43:49 北京时间,1,好，很好,安徽,0,6,438088744,218507998576
永远喜欢吃西瓜,保密,2024-04-25 13:22:11 北京时间,1,昨天遇到个老大爷说我该成家了😂，我也没说不成，我说我还想耍几年，然后他说，再不成家，你就对不起社会了[笑哭][笑哭][笑哭]，我能说啥，我只能调侃一下我罪名这么大吗,四川,0,6,14552666,218504873664
房间里有蜘蛛,保密,2024-04-25 13:21:03 北京时间,1,一个礼拜就休一天，生鸡毛生，谈恋爱都嫌累，下班周末假期本来就少还要约会逛街想想就不是人过的日子,上海,0,5,163391269,218504775568
最始幻想,男,2024-04-25 09:15:36 北京时间,1,网络鸡汤毒害好多人的三观，我们爸妈经常说我们以前怎么怎么就结婚，你们现在怎么怎么那么难结婚,广东,0,6,2409251,218469734496
浩龙鬼羽,男,2024-04-25 08:21:35 北京时间,1,哎呀，慢生调生嘛，我只是把生育时间调动了一下而已，至于调动的啥玩意儿我忘了,广东,0,6,387712334,218463613888
最爱吃兽奶01,保密,2024-04-25 08:12:06 北京时间,1,前面讲的很好，但后面房价那里不能认同。房子也算你在城市生儿育女的成本啊，这个应该算到成本中！,北京,0,5,546117630,218462398480
最爱吃兽奶01,保密,2024-04-25 08:00:50 北京时间,1,房价,北京,1,5,546117630,218461309840
虎囫拳,保密,2024-04-25 07:53:39 北京时间,1,一定都是美国干的,河南,0,6,359133938,218460643376
一刹的花火_,男,2024-04-25 06:18:13 北京时间,1,@砸核桃的小脑袋 这下听懂了,湖北,0,6,288196242,218450365568
加您呐,保密,2024-04-25 06:09:40 北京时间,1,当自己的工作都朝不保夕时，谁还敢结婚生子？,广东,0,2,3494375166314525,218449634064
薇奈特可爱,男,2024-04-25 04:54:26 北京时间,1,@光子fx,日本,1,6,21189425,218440442800
沐小白的木小白,男,2024-04-25 01:07:55 北京时间,1,35岁之前月收入能达到5W就生，达不到就不生[OK]，反正三代贫农,江苏,0,6,7110816,218413384352
ツ七七ツ,女,2024-04-24 15:29:55 北京时间,1,有人急了，那我就不急了[doge],重庆,0,5,399461523,218378940640
FQ小石星,保密,2024-04-24 14:06:45 北京时间,1,"孝顺不是因果吗？不是契约吗？怎么就成了绑架年轻人呢？,父母进了扶养义务，才有权利要求赡养义务。,人最弱势的时期是童年和老年，不是因为没有资源，而是因为没有自理能力。就必须别人相互帮助，所以，人是最重要的。",北京,2,6,34326611,218365434128
亚历克师,保密,2024-04-24 13:55:11 北京时间,1,我说不出高大上的内容也不会做分析，但是我个人感觉就是累，觉得生了孩子没有精力对她负责没有金钱给她好的生活,湖北,0,6,14024262,218363635952
一觉起来就成版本T0了,保密,2024-04-24 12:02:17 北京时间,1,[来古-注意],山东,0,4,497060884,218346969920
婺源塔爹,保密,2024-04-24 07:32:00 北京时间,1,房产、资金、社会信息资源都集中40岁以上的老人身上，让他们去生就好了。,江西,0,5,180478495,218310828272
